go_term,num_genes,member_genes,max_lrt,peak_bin,circ_mean_hour,circ_std_hour,peak_hour
GOBP_STEROL_BIOSYNTHETIC_PROCESS,7,Acaa2;Pmvk;Hmgcs1;Idi1;Mvd;Msmo1;Sqle,10.285714285714286,9,18.55518277792606,2.8174088759116205,19.0
GOBP_ALCOHOL_BIOSYNTHETIC_PROCESS,7,Acaa2;Pmvk;Hmgcs1;Idi1;Mvd;Msmo1;Sphk1,8.571428571428573,9,18.12834012704286,4.571873891479791,19.0
GOBP_SECONDARY_ALCOHOL_METABOLIC_PROCESS,10,Acaa2;Pmvk;Stard3;Hmgcs1;Idi1;Ldlr;Mvd;Msmo1;Sqle;Dgat2,8.4,9,17.561369854979866,4.275055522141501,19.0
GOBP_MULTICELLULAR_ORGANISM_GROWTH,6,Foxs1;Stil;Zfp36l1;Arid5b;Stc2;Pkdcc,8.0,11,22.00130221876904,4.212663478566389,23.0
GOBP_LIPID_MODIFICATION,6,Acaa2;Fabp3;Etfbkmt;Dgat2;Sphk1;Samd1,8.0,5,11.043027236966838,3.2268955347439787,11.0
GOBP_REGULATION_OF_EPITHELIAL_CELL_DIFFERENTIATION,6,Spry1;Cdkn2b;Frzb;Nkx6-1;Zfp36l1;Btg1,8.0,11,22.56662311907416,3.5598198114080777,23.0
GOBP_STEROID_BIOSYNTHETIC_PROCESS,9,Acaa2;Pmvk;Stard3;Hmgcs1;Idi1;Mvd;Msmo1;Sqle;Nr1d1,8.0,9,17.379766174537384,4.920372413307133,19.0
GOBP_ISOPRENOID_METABOLIC_PROCESS,6,Pmvk;Cyp1b1;Hmgcs1;Idi1;Mvd;Dgat2,8.0,9,18.89749184138788,3.188415385582,19.0
GOBP_STEROL_METABOLIC_PROCESS,11,Acaa2;Pmvk;Stard3;Cyp1b1;Hmgcs1;Idi1;Ldlr;Mvd;Msmo1;Sqle;Dgat2,7.636363636363637,9,18.13126691014077,4.26740373943914,19.0
GOBP_PHOSPHOLIPID_BIOSYNTHETIC_PROCESS,10,Pmvk;Fabp3;Hmgcs1;Htr2a;Idi1;Mvd;Pdgfb;Pip4k2a;Pitpnm2;Pcyt2,7.2,9,18.63051370760496,4.377789362813989,19.0
GOBP_CELL_AGING,7,Cdkn1a;Cdkn2b;Pdcd4;Arntl;Nox4;Pawr;Wnt16,6.857142857142857,0,0.6298902132173172,4.2449441086133275,1.0
GOBP_POSITIVE_REGULATION_OF_PROTEIN_MODIFICATION_BY_SMALL_PROTEIN_CONJUGATION_OR_REMOVAL,7,Fam107a;Rasd2;Hspa5;Peli1;Aimp2;Sphk1;Arrdc4,6.857142857142857,5,10.063557191590968,3.647217892086415,11.0
GOBP_TRANSFORMING_GROWTH_FACTOR_BETA_RECEPTOR_SIGNALING_PATHWAY,7,Spry1;Cdkn2b;Fermt2;Lrg1;Hspa5;Lox;Tgfb2,6.857142857142857,11,22.386808686056373,3.6482287255483454,23.0
GOBP_REGULATION_OF_GLIOGENESIS,6,Cdkn2b;Ldlr;Nkx6-1;Ptprz1;Tlr2;Nr1d1,6.0,11,21.411861266167406,5.763691886363436,23.0
GOBP_NEGATIVE_REGULATION_OF_LIPID_METABOLIC_PROCESS,6,Pik3ip1;Etfbkmt;Pdgfb;Pip4k2a;Dgat2;Sphk1,6.0,5,10.345103635782959,3.8256280638359774,11.0
GOBP_ACTIN_FILAMENT_BUNDLE_ORGANIZATION,10,Fermt2;Fam107a;Ccn2;Eln;Limch1;Rgcc;Rhoc;Pawr;Pfn1;Hsp90b1,6.0,0,2.54876818073215,5.046796619464871,1.0
GOBP_ORGANIC_HYDROXY_COMPOUND_BIOSYNTHETIC_PROCESS,14,Cdh3;Acaa2;Pmvk;Hmgcs1;Idi1;Mvd;Msmo1;Sqle;Tgfb2;Wnt5a;Pdxk;Per2;Sphk1;Nr1d1,6.0,9,16.97766968379242,4.957783667397898,19.0
GOBP_RESPONSE_TO_ALCOHOL,6,Pmvk;Adcy7;Cyp1b1;Fgfr2;Inhbb;Klf9,6.0,10,18.679543604380502,4.02277546984535,21.0
GOBP_ANION_TRANSMEMBRANE_TRANSPORT,6,Mfsd10;Slc24a4;Gabra3;Slc16a1;Per2;Slc4a8,6.0,7,14.48247106869488,3.3789702366880654,15.0
GOBP_I_KAPPAB_KINASE_NF_KAPPAB_SIGNALING,6,Rhoc;Per1;Peli1;Tlr2;Wnt5a;Nr1d1,6.0,5,10.437745415149552,2.586628483961503,11.0
GOBP_MUSCLE_CELL_MIGRATION,6,Net1;Cyp1b1;Igfbp5;Pdgfb;Dock5;Adamts1,6.0,7,14.337562680263549,4.152121845390521,15.0
GOBP_LIPID_HOMEOSTASIS,6,Fabp3;Ldlr;Lpl;Dgat2;Nr1d1;Nr1d2,6.0,5,12.012589322637856,3.9454883397518947,11.0
GOBP_CELLULAR_KETONE_METABOLIC_PROCESS,8,Stard3;Fabp3;Etfbkmt;Nmt1;Ptgs2;Coq10b;Dgat2;Nr1d1,6.0,5,11.483853029926001,2.260427258693378,11.0
GOBP_NEURON_APOPTOTIC_PROCESS,6,Egln3;Tnfrsf21;Hspa5;Fas;Ptprz1;Tgfb2,6.0,11,22.143511066529147,5.910220216294756,23.0
GOBP_REGULATION_OF_HAIR_CYCLE,6,Cdh3;Arntl;Per1;Tgfb2;Wnt5a;Clock,6.0,0,22.66836392896676,6.859476226065418,1.0
GOBP_POSITIVE_REGULATION_OF_LEUKOCYTE_MIGRATION,8,Vegfd;Dapk2;Mmp14;Camk1d;Jam2;Wnt5a;Dock8;Plvap,6.0,8,18.1906748421454,6.085183506615812,17.0
GOBP_REGULATION_OF_LEUKOCYTE_MIGRATION,10,Vegfd;Dapk2;Mmp14;Camk1d;Jam2;Wnt5a;Rin3;Dock8;Plvap;Cd9,6.0,8,17.602476910440856,6.621561608679412,17.0
GOBP_SENSORY_PERCEPTION_OF_LIGHT_STIMULUS,6,Cdh3;Crybg3;Ndp;Tulp1;Cacnb2;Unc119,6.0,0,3.129553878310907,4.0602447129502375,1.0
GOBP_REGULATION_OF_TRANSMEMBRANE_RECEPTOR_PROTEIN_SERINE_THREONINE_KINASE_SIGNALING_PATHWAY,13,Spry1;Cdkn2b;Lrg1;Scube3;Sulf1;Hspa5;Inhbb;Vwc2;Lox;Sost;Bmp3;Tgfb2;Wnt5a,5.538461538461539,11,20.10602602989317,4.721677813346721,23.0
GOBP_NEGATIVE_REGULATION_OF_CELL_ACTIVATION,9,Foxf1;Tnfrsf21;Hmgb3;Ldlr;Pawr;Pdgfb;Peli1;Cd9;Nr1d1,5.333333333333333,3,7.881502288504619,4.462588118942866,7.0
GOBP_REGULATION_OF_PROTEIN_MODIFICATION_BY_SMALL_PROTEIN_CONJUGATION_OR_REMOVAL,9,Fam107a;Rasd2;Dnajb2;Hspa5;Peli1;Aimp2;Per2;Sphk1;Arrdc4,5.333333333333333,5,11.380498726270702,4.720048954745419,11.0
GOBP_REGULATION_OF_ENDOTHELIAL_CELL_MIGRATION,7,Glul;Angpt2;Rgcc;Pdgfb;Adamts9;Ptgs2;Wnt5a,5.142857142857143,6,11.69813808586842,3.5295085397026513,13.0
GOBP_ESTABLISHMENT_OF_PROTEIN_LOCALIZATION_TO_MEMBRANE,7,Hspa5;Krt18;Atp1b1;Nmt1;Grip2;Pkdcc;Akap5,5.142857142857143,11,23.67055073826365,5.012376774001413,23.0
GOBP_CELLULAR_RESPONSE_TO_OXYGEN_LEVELS,7,Acaa2;Egln3;Rgcc;Fas;Ptgs2;Zfp36l1;Stc2,5.142857142857143,5,9.996351446399157,5.454502858705995,11.0
GOBP_NEGATIVE_REGULATION_OF_CANONICAL_WNT_SIGNALING_PATHWAY,7,Frzb;Sost;Wnt5a;Tle6;Fuz;Fzd4;Limd1,5.142857142857143,6,12.898055513392933,4.355821375119398,13.0
GOBP_FEMALE_SEX_DIFFERENTIATION,7,Hspa5;Inhbb;Mmp14;Wnt5a;Fzd4;Arid5b;Adamts1,5.142857142857143,6,17.403997548403034,5.272850792677511,13.0
GOBP_CARDIAC_MUSCLE_CONTRACTION,7,Ccn2;Kcnd3;Atp1b1;Tnni3;Cacnb2;Tcap;Gsto1,5.142857142857143,4,7.912644054811421,5.1257452725459345,9.0
GOBP_RESPONSE_TO_INSULIN,7,Klf15;Inhbb;Lpl;Pip4k2a;Zfp36l1;Tlr2;Slc25a33,5.142857142857143,5,15.716328987056304,5.763912729980788,11.0
GOBP_POSITIVE_REGULATION_OF_TRANSMEMBRANE_TRANSPORT,7,Klf15;Atp1b1;Stac;Cacnb2;Casq1;Actn2;Gsto1,5.142857142857143,5,8.605285351680596,7.1593987872699305,11.0
GOBP_NEUROMUSCULAR_PROCESS,7,Foxs1;Map1a;Stac;Tnni3;Casq1;Tcap;Gsto1,5.142857142857143,11,6.848119688173548,6.521834076378923,23.0
GOBP_STRESS_FIBER_ASSEMBLY,7,Fermt2;Ccn2;Eln;Limch1;Rgcc;Rhoc;Pfn1,5.142857142857143,0,2.9135424548494555,4.851092115223844,1.0
GOBP_RESPONSE_TO_TRANSFORMING_GROWTH_FACTOR_BETA,12,Spry1;Cdkn2b;Fermt2;Lrg1;Fgfr2;Ankrd1;Hspa5;Lox;Zfp36l1;Zfp36l2;Tgfb2;Wnt5a,5.000000000000001,11,21.485921472634573,4.7118259225332215,23.0
GOBP_CELLULAR_RESPONSE_TO_STEROID_HORMONE_STIMULUS,10,Ddx17;Fam107a;Cyp1b1;Arntl;Per1;Zfp36l1;Zfp36l2;Klf9;Nr1d1;Clock,4.800000000000001,5,5.166331221355121,8.403043512043084,11.0
GOBP_GLIAL_CELL_DIFFERENTIATION,8,Phgdh;Tnfrsf21;Klf15;Ldlr;Nkx6-1;Ptprz1;Tlr2;Nr1d1,4.5,5,13.37785701790566,5.880750362857914,11.0
GOBP_REGULATION_OF_MYELOID_CELL_DIFFERENTIATION,8,Lrrc17;Tob2;Leo1;Mturn;Hmgb3;Lox;Zfp36l1;Zbtb16,4.5,11,6.188252405836687,9.273786703377935,23.0
GOBP_REGULATION_OF_B_CELL_ACTIVATION,8,Cdkn1a;Tnfrsf21;Hmgb3;Mmp14;Pawr;Peli1;Zfp36l1;Zfp36l2,4.5,5,5.577637371943263,5.873679688121952,11.0
GOBP_ENDOTHELIAL_CELL_MIGRATION,8,Cyp1b1;Glul;Angpt2;Rgcc;Pdgfb;Adamts9;Ptgs2;Wnt5a,4.5,6,12.22338436884894,4.706382460163478,13.0
GOBP_ANTERIOR_POSTERIOR_PATTERN_SPECIFICATION,8,Foxf1;Hes6;Wnt5a;Zbtb16;Bhlhe41;Fuz;Bhlhe40;Tcap,4.5,3,9.632947543845559,2.433680782970065,7.0
GOBP_TRANSPORT_ALONG_MICROTUBULE,8,Trim58;Map1a;Sfpq;Tmem108;Dst;Tub;Wasf1;Fez1,4.5,6,19.52334602001839,5.648369113748359,13.0
GOBP_REGULATION_OF_CHEMOTAXIS,8,Vegfd;Dapk2;Angpt2;Il16;Pdgfb;Camk1d;Wnt5a;Rin3,4.5,8,12.447017495271282,5.9508242380910215,17.0
GOBP_NEGATIVE_REGULATION_OF_WNT_SIGNALING_PATHWAY,8,Apcdd1;Frzb;Sost;Wnt5a;Tle6;Fuz;Fzd4;Limd1,4.5,6,13.569291463026111,4.203165174929346,13.0
GOBP_PROTEIN_LOCALIZATION_TO_NUCLEUS,8,Cdkn1a;Fermt2;Pkig;Glul;Chchd10;Banp;Ptgs2;Zbtb16,4.5,6,11.870337956697739,6.303580720879733,13.0
GOBP_RESPONSE_TO_CORTICOSTEROID,8,Fam107a;Ccn2;Cyp1b1;Fibin;Ptgs2;Zfp36l1;Zfp36l2;Klf9,4.5,5,13.977183679060687,5.917146392214547,11.0
GOBP_DEVELOPMENTAL_GROWTH_INVOLVED_IN_MORPHOGENESIS,8,Spry1;Dpysl2;Fgfr2;Nkx6-1;Tmem108;Cdkl5;Wnt5a;Wasf1,4.5,11,18.651672836230816,4.4046463373173115,23.0
GOBP_RESPONSE_TO_TEMPERATURE_STIMULUS,8,Cirbp;Htr2a;Lpl;Ier5;Ptgs2;Stac;Thra;Casq1,4.5,11,2.098903870356116,7.615210917978714,23.0
GOBP_CELLULAR_RESPONSE_TO_PEPTIDE_HORMONE_STIMULUS,8,Cyp1b1;Inhbb;Lpl;Nkx6-1;Pip4k2a;Zfp36l1;Slc25a33;Actn2,4.5,10,20.6459727583403,3.666779692458225,21.0
GOBP_REGULATION_OF_MRNA_METABOLIC_PROCESS,8,Ddx17;Cirbp;Tent5b;Leo1;Tent5a;Rbm3;Zfp36l1;Zfp36l2,4.5,11,13.380758578990008,10.631604272884548,23.0
GOBP_NEGATIVE_REGULATION_OF_MITOTIC_CELL_CYCLE_PHASE_TRANSITION,8,Cdkn1a;Cdkn2b;Fam107a;Rgcc;Mrnip;Zfp36l1;Zfp36l2;Wee1,4.5,5,9.787169602190508,6.329546383012967,11.0
GOBP_MYELOID_LEUKOCYTE_MIGRATION,8,Vegfd;Dapk2;Mmp14;Pdgfb;Camk1d;Tgfb2;Rin3;Cd9,4.5,8,20.009714220519022,7.920636113754616,17.0
GOBP_MICROTUBULE_BASED_TRANSPORT,8,Trim58;Map1a;Sfpq;Tmem108;Dst;Tub;Wasf1;Fez1,4.5,6,19.52334602001839,5.648369113748359,13.0
GOBP_CIRCADIAN_RHYTHM,17,Ciart;Dbp;Fbxl22;Kcna2;Arntl;Nfil3;Npas2;Per1;Sfpq;Klf9;Bhlhe41;Bhlhe40;Per3;Per2;Nr1d1;Clock;Nr1d2,4.23529411764706,5,9.419767745362671,5.928718393817304,11.0
GOBP_POSITIVE_REGULATION_OF_ION_TRANSMEMBRANE_TRANSPORT,6,Atp1b1;Stac;Cacnb2;Casq1;Actn2;Gsto1,4.0,5,4.8864051250530665,8.074599244990317,11.0
GOBP_RESPONSE_TO_STARVATION,6,Cdkn1a;Glul;Hspa5;Fas;Inhbb;Stk26,4.0,11,21.359494216669084,4.753863432329726,23.0
GOBP_PROTEIN_COMPLEX_OLIGOMERIZATION,6,Kcna2;Kcnd3;Mpp2;Upb1;Pkd1;Samd1,4.0,2,1.3803570367754703,10.560870778781483,5.0
GOBP_CARDIAC_CHAMBER_DEVELOPMENT,6,Fgfr2;Foxf1;Tgfb2;Tnni3;Wnt5a;Adamts1,4.0,6,13.496306324300512,5.698762387898204,13.0
GOBP_CARDIAC_CHAMBER_MORPHOGENESIS,6,Fgfr2;Foxf1;Tgfb2;Tnni3;Wnt5a;Adamts1,4.0,6,13.496306324300512,5.698762387898204,13.0
GOBP_SKELETAL_MUSCLE_CELL_DIFFERENTIATION,6,Ddx17;Ankrd1;Hlf;Arntl;Asb2;Nr1d2,4.0,0,22.635192294507032,5.931708455226645,1.0
GOBP_RESPONSE_TO_CAMP,6,Cyp1b1;Hspa5;Igfbp5;Inhbb;Per1;Zfp36l1,4.0,10,20.374509853336512,4.817386026782765,21.0
GOBP_REGULATION_OF_CELL_CYCLE_G1_S_PHASE_TRANSITION,9,Cdkn1a;Cdkn2b;Fam107a;Rgcc;Mlf1;Pkd1;Stil;Wee1;Adamts1,4.0,5,13.940211289934165,5.7587077369566995,11.0
GOBP_REGULATION_OF_TUBE_SIZE,6,Htr2a;Npr3;Ptgs2;Dock5;Grip2;Per2,4.0,7,17.762561589811,4.301610441455947,15.0
GOBP_APPENDAGE_MORPHOGENESIS,6,Fgfr2;Asph;Tgfb2;Wnt5a;Zbtb16;Pkdcc,4.0,6,19.000705517938172,5.646180043122603,13.0
GOBP_RESPONSE_TO_ENDOPLASMIC_RETICULUM_STRESS,6,Dnajb2;Hspa5;Dnajc10;Hsp90b1;Manf;Stc2,4.0,10,20.29406266324656,4.179742685313631,21.0
GOBP_CELLULAR_AMINO_ACID_BIOSYNTHETIC_PROCESS,6,Phgdh;Glul;Mthfd1;Mthfr;Upb1;Mri1,4.0,6,9.080253599887968,6.70322402111279,13.0
GOBP_REGULATION_OF_ORGANELLE_ASSEMBLY,6,Pip4k2a;Stil;Cdkl5;Fuz;Capg;Fez1,4.0,3,14.956441887910259,7.333398406521773,7.0
GOBP_REGULATION_OF_CALCIUM_ION_TRANSMEMBRANE_TRANSPORT,6,Atp1b1;Stac;Cacnb2;Ahnak;Casq1;Gsto1,4.0,5,10.806436028590753,8.450606259077773,11.0
GOBP_NEGATIVE_REGULATION_OF_NERVOUS_SYSTEM_DEVELOPMENT,6,Cdkn2b;Ldlr;Nkx6-1;Tlr2;Wnt5a;Nr1d1,4.0,11,16.674487727494217,6.902103601763751,23.0
GOBP_NEGATIVE_REGULATION_OF_CELLULAR_AMIDE_METABOLIC_PROCESS,6,Cirbp;Dapk1;Igfbp5;Zfp36l1;Zfp36l2;Sphk1,4.0,3,7.846970426101518,5.88472209729687,7.0
GOBP_CARBOHYDRATE_HOMEOSTASIS,6,Klf15;Igfbp5;Pim3;Nox4;Slc16a1;Nr1d1,4.0,4,11.996078205733127,3.076783716204675,9.0
GOBP_CARDIAC_MUSCLE_TISSUE_MORPHOGENESIS,6,Fgfr2;Ankrd1;Tgfb2;Tnni3;Wnt5a;Tcap,4.0,4,15.818175276636525,6.177734588570079,9.0
GOBP_FIBROBLAST_GROWTH_FACTOR_RECEPTOR_SIGNALING_PATHWAY,6,Spry1;Ccn2;Fgfr2;Sulf1;Wnt5a;Fuz,4.0,10,19.429666669507846,5.7138215464923965,21.0
GOBP_POSITIVE_REGULATION_OF_TRANSPORTER_ACTIVITY,6,Atp1b1;Stac;Cacnb2;Casq1;Actn2;Gsto1,4.0,5,4.8864051250530665,8.074599244990317,11.0
GOBP_POSITIVE_REGULATION_OF_ACTIN_FILAMENT_BUNDLE_ASSEMBLY,6,Fermt2;Ccn2;Limch1;Rgcc;Rhoc;Pfn1,4.0,0,3.519423341644959,5.39109035614074,1.0
GOBP_REGULATION_OF_ACTIN_FILAMENT_BUNDLE_ASSEMBLY,6,Fermt2;Ccn2;Limch1;Rgcc;Rhoc;Pfn1,4.0,0,3.519423341644959,5.39109035614074,1.0
GOBP_PROTEIN_FOLDING,6,Pdia6;Fkbp5;Dnajb2;Hspa5;Dnajc10;Hsp90b1,4.0,11,20.79670337108722,4.183463986896054,23.0
GOBP_EPITHELIAL_CELL_DEVELOPMENT,6,Palld;Arntl;Nkx6-1;Pdgfb;Wnt5a;Clock,4.0,0,23.082231087404185,5.669556009587182,1.0
GOBP_POSITIVE_REGULATION_OF_PROTEIN_CONTAINING_COMPLEX_ASSEMBLY,6,Fermt2;Rhoc;Tppp3;Pfn1;Bik;Capg,4.0,0,5.6522299370541536,3.8887626894394254,1.0
GOBP_REGULATION_OF_DNA_BIOSYNTHETIC_PROCESS,6,Cdkn1a;Cyp1b1;Ankrd1;Rgcc;Nox4;Pdgfb,4.0,10,21.171745066058932,7.345940174949101,21.0
GOBP_DEVELOPMENT_OF_PRIMARY_FEMALE_SEXUAL_CHARACTERISTICS,6,Hspa5;Inhbb;Mmp14;Fzd4;Arid5b;Adamts1,4.0,6,18.852062192428026,5.094260433067055,13.0
GOBP_GLYCEROPHOSPHOLIPID_BIOSYNTHETIC_PROCESS,6,Fabp3;Htr2a;Pdgfb;Pip4k2a;Pitpnm2;Pcyt2,4.0,9,17.189974485525177,6.637497336439784,19.0
GOBP_REGULATION_OF_NEUROTRANSMITTER_LEVELS,6,Htr2a;Cacnb2;Per2;Slc4a8;Sncaip;Sv2a,4.0,7,19.570431708831478,7.0078830789694315,15.0
GOBP_NEGATIVE_REGULATION_OF_MITOTIC_CELL_CYCLE,9,Cdkn1a;Cdkn2b;Fam107a;Rgcc;Mrnip;Zfp36l1;Zfp36l2;Btg1;Wee1,4.0,5,10.074046712869473,7.948227946054947,11.0
GOBP_DEVELOPMENTAL_CELL_GROWTH,6,Dpysl2;Nkx6-1;Tmem108;Cdkl5;Wnt5a;Wasf1,4.0,6,16.932558664791976,4.179721275698981,13.0
GOBP_POSITIVE_REGULATION_OF_CYSTEINE_TYPE_ENDOPEPTIDASE_ACTIVITY,6,Egln3;Ccn2;Dapk1;Gramd4;Fas;Asph,4.0,0,1.116539672102116,3.1347070175590908,1.0
GOBP_POSITIVE_REGULATION_OF_OSSIFICATION,6,Tob2;Tent5a;Tgfb2;Wnt5a;Zbtb16;Pkdcc,4.0,6,15.85448782478585,4.474603094088532,13.0
GOBP_REGULATION_OF_GLIAL_CELL_DIFFERENTIATION,6,Tnfrsf21;Ldlr;Nkx6-1;Ptprz1;Tlr2;Nr1d1,4.0,5,16.02654694840435,7.484426588654037,11.0
GOBP_NEGATIVE_REGULATION_OF_MYELOID_CELL_DIFFERENTIATION,6,Lrrc17;Tob2;Leo1;Hmgb3;Zfp36l1;Zbtb16,4.0,11,8.537013572586988,5.726670173333145,23.0
GOBP_POSITIVE_REGULATION_OF_FAT_CELL_DIFFERENTIATION,6,Frzb;Htr2a;Lpl;Ptgs2;Zfp36l1;Zbtb16,4.0,6,15.10424176634779,5.709054442110645,13.0
GOBP_POSITIVE_REGULATION_OF_CHEMOTAXIS,6,Vegfd;Dapk2;Il16;Pdgfb;Camk1d;Wnt5a,4.0,8,12.582421181039837,5.607620022004181,17.0
GOBP_NEGATIVE_REGULATION_OF_FAT_CELL_DIFFERENTIATION,6,Fermt2;Jdp2;Trib2;Arntl;Zfp36l2;Wnt5a,4.0,0,16.99089749678018,5.8111308068707075,1.0
GOBP_HOMEOSTASIS_OF_NUMBER_OF_CELLS,6,Tsc22d3;Trim58;Fas;Dock10;Zfp36l1;Thra,4.0,6,18.226520816381225,8.773984460360612,13.0
GOBP_POSITIVE_REGULATION_OF_PROTEIN_SECRETION,6,Ankrd1;Glul;Myh10;Nkx6-1;Tgfb2;Tlr2,4.0,11,19.432477129517984,5.315583097237037,23.0
GOBP_REGULATION_OF_SYNAPSE_STRUCTURE_OR_ACTIVITY,6,Ngef;Cdkl5;Tlr2;Wnt5a;Camk2b;Lzts3,4.0,5,13.65446818592239,5.089062520699262,11.0
GOBP_REGULATION_OF_ANIMAL_ORGAN_MORPHOGENESIS,6,Spry1;Apcdd1;Sulf1;Ntn4;Wnt5a;Rspo3,4.0,8,16.44749051254452,4.143746955244038,17.0
GOBP_MULTICELLULAR_ORGANISMAL_MOVEMENT,6,Map1a;Stac;Tnni3;Casq1;Tcap;Gsto1,4.0,4,8.6657045543006,5.517390172324404,9.0
GOBP_NEURON_PROJECTION_EXTENSION,6,Dpysl2;Nkx6-1;Tmem108;Cdkl5;Wnt5a;Wasf1,4.0,6,16.932558664791976,4.179721275698981,13.0
GOBP_PROTEIN_KINASE_B_SIGNALING,6,Fermt2;Rasd2;Igfbp5;Lox;Nox4;Zfp36l1,4.0,11,19.66980770950937,6.097849012562977,23.0
GOBP_NEGATIVE_REGULATION_OF_PROTEIN_LOCALIZATION,6,Pkig;Inhbb;Map1a;Pim3;Actn2;Pkdcc,4.0,10,22.44852619939868,5.637570632712,21.0
GOBP_CELLULAR_RESPONSE_TO_EXTRACELLULAR_STIMULUS,9,Cdkn1a;Cdkn2b;Fam107a;Glul;Hspa5;Fas;Inhbb;Lpl;Stk26,4.0,11,20.057276510202428,5.47596402124854,23.0
GOBP_RESPONSE_TO_REACTIVE_OXYGEN_SPECIES,6,Net1;Cyp1b1;Hebp2;Pawr;Stk26;Sphk1,4.0,3,19.042316566024795,10.716353307750639,7.0
GOBP_NEGATIVE_REGULATION_OF_CELLULAR_CATABOLIC_PROCESS,6,Cirbp;Tent5b;Etfbkmt;Map1a;Tent5a;Fez1,4.0,6,12.923600628119342,5.274019790768018,13.0
GOBP_AXO_DENDRITIC_TRANSPORT,6,Map1a;Sfpq;Tmem108;Dst;Wasf1;Fez1,4.0,6,19.497130742918046,4.588315325353799,13.0
GOBP_REGULATION_OF_ACTOMYOSIN_STRUCTURE_ORGANIZATION,6,Fermt2;Ccn2;Limch1;Rgcc;Rhoc;Pfn1,4.0,0,3.519423341644959,5.39109035614074,1.0
GOBP_VESICLE_MEDIATED_TRANSPORT_TO_THE_PLASMA_MEMBRANE,6,Krt18;Cmtm6;Grip2;Actn2;Pkdcc;Akap5,4.0,0,0.09008232084787376,2.147139563725649,1.0
GOBP_GLAND_MORPHOGENESIS,6,Fgfr2;Sulf1;Igfbp5;Ntn4;Tgfb2;Wnt5a,4.0,9,17.261277445539687,2.8171962504872914,19.0
GOBP_CELLULAR_RESPONSE_TO_BIOTIC_STIMULUS,6,Ankrd1;Pdcd4;Hspa5;Tlr2;Wnt5a;Nr1d1,4.0,4,11.156583093090504,6.262392206317837,9.0
GOBP_POSITIVE_REGULATION_OF_LIPID_BIOSYNTHETIC_PROCESS,6,Fabp3;Htr2a;Ldlr;Ptgs2;Dgat2;Nr1d1,4.0,5,12.046574427140124,5.587792985777928,11.0
GOBP_REGULATION_OF_CALCIUM_ION_TRANSMEMBRANE_TRANSPORTER_ACTIVITY,6,Atp1b1;Stac;Cacnb2;Ahnak;Casq1;Gsto1,4.0,5,10.806436028590753,8.450606259077773,11.0
GOBP_STRIATED_MUSCLE_CONTRACTION,9,Ccn2;Kcnd3;Atp1b1;Stac;Tnni3;Cacnb2;Casq1;Tcap;Gsto1,4.0,4,7.543107517355506,5.516422744648946,9.0
GOBP_ENDOSOMAL_TRANSPORT,6,Lyst;Rab6b;Cmtm6;Grip2;Actn2;Akap5,4.0,0,22.172628736924512,2.660005749278678,1.0
GOBP_LOCOMOTORY_BEHAVIOR,6,Ciart;Vps13a;Rasd2;Fzd4;Ppp1r1b;Nav2,4.0,5,11.795266532952908,4.250167451545993,11.0
GOBP_REACTIVE_OXYGEN_SPECIES_METABOLIC_PROCESS,6,Cdkn1a;Ccn2;Cyp1b1;Nox4;Pdgfb;Slc25a33,4.0,10,22.3637594272098,7.448640246176906,21.0
GOBP_NEGATIVE_REGULATION_OF_CELL_DEVELOPMENT,6,Cdkn2b;Frzb;Ldlr;Nkx6-1;Wnt5a;Nr1d1,4.0,11,16.66811470599639,6.918402843783148,23.0
GOBP_ANATOMICAL_STRUCTURE_MATURATION,9,Cdh3;Slc24a4;Trim58;Nkx6-1;Ntn4;Tgfb2;Wnt5a;Zbtb16;Cdc25b,4.0,6,15.491481103313237,5.5907755003213415,13.0
GOBP_ENSHEATHMENT_OF_NEURONS,6,Cmtm8;Tnfrsf21;Ptprz1;Jam2;Tlr2;Cd9,4.0,5,10.888476918388786,5.447732022961588,11.0
GOBP_PHOSPHATIDYLINOSITOL_3_KINASE_SIGNALING,6,Pik3ip1;Htr2a;Wnt16;Pdgfb;Zfp36l1;Tgfb2,4.0,11,0.9453418744793808,5.717884253242719,23.0
GOBP_NEGATIVE_REGULATION_OF_PROTEIN_SERINE_THREONINE_KINASE_ACTIVITY,6,Spry1;Cdkn1a;Cdkn2b;Pkig;Pdcd4;Ppp1r1b,4.0,4,5.002745361488177,6.101332442698695,9.0
GOBP_RESPONSE_TO_FATTY_ACID,6,Ccn2;Ldlr;Lpl;Ptgs2;Tlr2;Dgat2,4.0,5,15.239220560824814,4.265110275135591,11.0
GOBP_ESTABLISHMENT_OF_CELL_POLARITY,9,Ust;Spry1;Foxf1;Plekhg3;Pkd1;Wee1;Wnt5a;Dock8;Fez1,4.0,6,15.36725340733959,5.3486269675728035,13.0
GOBP_NEGATIVE_REGULATION_OF_VASCULATURE_DEVELOPMENT,6,Sulf1;Angpt2;Rgcc;Adamts9;Tgfb2;Adamts1,4.0,8,14.940424387797854,4.258868357879377,17.0
GOBP_SODIUM_ION_TRANSPORT,6,Slc24a4;Atp1b1;Per1;Slc6a6;Slc22a4;Slc4a8,4.0,5,11.495974870967027,3.746739426060974,11.0
GOBP_CELLULAR_RESPONSE_TO_STARVATION,6,Cdkn1a;Glul;Hspa5;Fas;Inhbb;Stk26,4.0,11,21.359494216669084,4.753863432329726,23.0
GOBP_CYTOSOLIC_CALCIUM_ION_TRANSPORT,6,Slc24a4;Ccn2;Htr2a;P2rx5;Casq1;Gsto1,4.0,5,16.063167049059814,5.402903793162431,11.0
GOBP_REGULATION_OF_CELL_JUNCTION_ASSEMBLY,6,Fermt2;Fam107a;Limch1;Mmp14;Tlr2;Wnt5a,4.0,0,6.807122690056528,6.828036735967119,1.0
GOBP_CYTOSKELETON_DEPENDENT_INTRACELLULAR_TRANSPORT,9,Trim58;Map1a;Myo10;Sfpq;Tmem108;Dst;Tub;Wasf1;Fez1,4.0,6,20.895798330568056,5.7984684916143125,13.0
GOBP_LEUKOCYTE_CHEMOTAXIS,9,Lyst;Vegfd;Dapk2;Il16;Pdgfb;Camk1d;Tgfb2;Wnt5a;Rin3,4.0,8,16.183273759350286,5.221240661499159,17.0
GOBP_INTRINSIC_APOPTOTIC_SIGNALING_PATHWAY,6,Cdkn1a;Cyp1b1;Dapk2;Dnajc10;Ptgs2;Sfpq,4.0,0,20.810332769782203,4.668582246269644,1.0
GOBP_POSITIVE_REGULATION_OF_PEPTIDASE_ACTIVITY,6,Egln3;Ccn2;Dapk1;Gramd4;Fas;Asph,4.0,0,1.116539672102116,3.1347070175590908,1.0
GOBP_NEGATIVE_REGULATION_OF_CELL_GROWTH,6,Cdkn1a;Frzb;Dnajb2;Btg1;Tgfb2;Wnt5a,4.0,10,18.8200764087811,5.46168653981861,21.0
GOBP_MITOCHONDRIAL_TRANSPORT,6,Acaa2;Stard3;Hebp2;Chchd10;Nmt1;Alkbh7,4.0,4,9.012146890196298,4.578518627728863,9.0
GOBP_NEGATIVE_REGULATION_OF_CELLULAR_RESPONSE_TO_GROWTH_FACTOR_STIMULUS,6,Spry1;Sulf1;Vwc2;Sost;Wnt5a;Fuz,4.0,6,15.519303296599638,7.1060813623406975,13.0
GOBP_BONE_MINERALIZATION,6,Fgfr2;Lox;Mgp;Tent5a;Ptgs2;Pkdcc,4.0,11,19.14459657548,3.863037852821153,23.0
GOBP_POSITIVE_REGULATION_OF_STRESS_ACTIVATED_PROTEIN_KINASE_SIGNALING_CASCADE,6,Ccn2;Mturn;Wnt16;Tgfb2;Wnt5a;Sphk1,4.0,9,19.60642178006753,6.0290105093870405,19.0
GOBP_ALPHA_AMINO_ACID_METABOLIC_PROCESS,6,Phgdh;Glul;Mthfd1;Mthfr;Nox4;Mri1,4.0,6,13.99452182929117,5.759612225986801,13.0
GOBP_IMPORT_INTO_CELL,6,Slc24a4;Fabp3;Atp1b1;Slc6a6;Slc22a4;Per2,4.0,5,11.284591870799353,3.85612569563742,11.0
GOBP_REGULATION_OF_CALCIUM_ION_TRANSPORT,13,Epb41;Il16;Atp1b1;P2rx5;Pdgfb;Ptgs2;Stac;Cacnb2;Ahnak;Camk2b;Casq1;Stc2;Gsto1,3.6923076923076925,5,11.44997658480104,5.852946353645229,11.0
GOBP_CARDIAC_MUSCLE_TISSUE_DEVELOPMENT,10,Fgfr2;Ankrd1;Nox4;Asb2;Adamts9;Tgfb2;Tnni3;Wnt5a;Tcap;Actn2,3.6,10,18.194020696430343,5.534993136035427,21.0
GOBP_RESPONSE_TO_MECHANICAL_STIMULUS,10,Ankrd1;Angpt2;Htr2a;Fas;Mmp14;Sost;Pkd1;Usp53;Ptgs2;Tcap,3.6,11,23.770003503717266,7.779582612055391,23.0
GOBP_REGULATION_OF_CELL_SUBSTRATE_ADHESION,10,Fermt2;Fam107a;Foxf1;Limch1;Angpt2;Vwc2;Mmp14;Pdgfb;Dock5;Fzd4,3.6,3,7.691868685452159,5.917131192995388,7.0
GOBP_DEVELOPMENT_OF_PRIMARY_SEXUAL_CHARACTERISTICS,10,Cyp1b1;Hspa5;Inhbb;Mmp14;Bik;Tgfb2;Wnt5a;Fzd4;Arid5b;Adamts1,3.6,6,19.44623228081293,5.015475750195576,13.0
GOBP_GLYCEROLIPID_BIOSYNTHETIC_PROCESS,10,Fabp3;Gk;Htr2a;Ldlr;Lpl;Pdgfb;Pip4k2a;Pitpnm2;Pcyt2;Dgat2,3.6,9,17.495053667626472,6.227439871961069,19.0
GOBP_CELL_CYCLE_G1_S_PHASE_TRANSITION,10,Cdkn1a;Cdkn2b;Fam107a;Rgcc;Mlf1;Cdk14;Pkd1;Stil;Wee1;Adamts1,3.6,5,14.992933577168207,5.612477461139954,11.0
GOBP_PROTEIN_LOCALIZATION_TO_PLASMA_MEMBRANE,10,Tspan15;Krt18;Mmp14;Atp1b1;Stac;Cacnb2;Grip2;Actn2;Pkdcc;Akap5,3.6,11,1.1198501674419539,4.2312580539291345,23.0
GOBP_CIRCADIAN_REGULATION_OF_GENE_EXPRESSION,10,Ciart;Arntl;Npas2;Per1;Bhlhe41;Bhlhe40;Per3;Per2;Nr1d1;Clock,3.6,0,10.21320526778062,5.424300756734755,1.0
GOBP_DNA_BIOSYNTHETIC_PROCESS,10,Cdkn1a;Ccn2;Cyp1b1;Ankrd1;Rgcc;Lox;Nox4;Pdgfb;Rpa1;Sphk1,3.6,10,21.22434174990126,7.239294479671804,21.0
GOBP_REGULATION_OF_ACTIN_FILAMENT_ORGANIZATION,10,Fermt2;Ccn2;Eln;Limch1;Rgcc;Rhoc;Pfn1;Capg;Actn2;Wasf1,3.6,0,3.272631278764102,6.110320912697651,1.0
GOBP_PROTEIN_DEPHOSPHORYLATION,10,Dusp14;Dusp18;Ppef1;Nceh1;Ptprz1;Hsp90b1;Ppp1r3b;Ppp1r1b;Cdc14a;Cdc25b,3.6,4,8.814987991970277,6.708190818884136,9.0
GOBP_NEGATIVE_REGULATION_OF_CELL_CYCLE_PHASE_TRANSITION,10,Cdkn1a;Cdkn2b;Fam107a;Rgcc;Mrnip;Zfp36l1;Zfp36l2;Wee1;Rnaseh2b;Clock,3.6,5,9.90244195343411,6.876185284585668,11.0
GOBP_POSITIVE_REGULATION_OF_DNA_BINDING_TRANSCRIPTION_FACTOR_ACTIVITY,10,Rgcc;Ndp;Nkx6-1;Camk1d;Tlr2;Wnt5a;Fzd4;Arid5b;Sphk1;Clock,3.6,5,13.565184389397425,5.067061246028048,11.0
GOBP_MAINTENANCE_OF_LOCATION_IN_CELL,7,Vps13a;Hspa5;Htr2a;Chchd10;Hsp90b1;Casq1;Gsto1,3.4285714285714284,5,16.985660417259936,9.31506686847278,11.0
GOBP_MATERNAL_PROCESS_INVOLVED_IN_FEMALE_PREGNANCY,7,Adcy7;Angpt2;Ndp;Tppp3;Stox2;Ptgs2;Stc2,3.4285714285714284,5,11.510213597964814,4.352806675103331,11.0
GOBP_REGULATION_OF_LEUKOCYTE_DIFFERENTIATION,7,Lrrc17;Tob2;Hmgb3;Mmp14;Zfp36l1;Zfp36l2;Zbtb16,3.4285714285714284,5,9.03551184092447,4.594194806153093,11.0
GOBP_FIBROBLAST_PROLIFERATION,7,Cdkn1a;Ifi30;Pawr;Pdgfb;Wnt5a;Rnaseh2b;Sphk1,3.4285714285714284,0,8.45721018359842,5.032657703626743,1.0
GOBP_MUSCLE_CELL_DEVELOPMENT,7,Ankrd1;Lox;Asb2;Myoz2;Casq1;Tcap;Actn2,3.4285714285714284,10,21.813529255867035,6.748979292082964,21.0
GOBP_POSITIVE_REGULATION_OF_CALCIUM_ION_TRANSPORT,7,Atp1b1;P2rx5;Pdgfb;Stac;Cacnb2;Casq1;Gsto1,3.4285714285714284,5,9.228195374899848,6.352529508373594,11.0
GOBP_MUSCLE_ORGAN_MORPHOGENESIS,7,Fgfr2;Ankrd1;Tgfb2;Tnni3;Wnt5a;Arid5b;Tcap,3.4285714285714284,4,16.617923541691184,5.4511981825744815,9.0
GOBP_APPENDAGE_DEVELOPMENT,7,Fermt2;Fgfr2;Asph;Tgfb2;Wnt5a;Zbtb16;Pkdcc,3.4285714285714284,6,20.542825317292348,5.52092599310239,13.0
GOBP_POSITIVE_REGULATION_OF_TRANSMEMBRANE_RECEPTOR_PROTEIN_SERINE_THREONINE_KINASE_SIGNALING_PATHWAY,7,Cdkn2b;Lrg1;Scube3;Sulf1;Inhbb;Bmp3;Tgfb2,3.4285714285714284,8,19.14297905002147,4.029064207962494,17.0
GOBP_POSITIVE_REGULATION_OF_ERK1_AND_ERK2_CASCADE,7,Fermt2;Ccn2;Mturn;Fgfr2;Htr2a;Nox4;Pdgfb,3.4285714285714284,10,21.329259986328285,4.269924724827893,21.0
GOBP_CELL_SUBSTRATE_JUNCTION_ORGANIZATION,7,Fermt2;Mapre2;Fam107a;Limch1;Mmp14;Dst;Actn2,3.4285714285714284,0,23.2217096219326,5.376853671617148,1.0
GOBP_REGULATION_OF_CELL_DIVISION,7,Fgfr2;Vegfd;Pdgfb;Tgfb2;Tle6;Cdc14a;Cdc25b,3.4285714285714284,8,14.962062956060484,5.580786032667315,17.0
GOBP_REGULATION_OF_CYSTEINE_TYPE_ENDOPEPTIDASE_ACTIVITY,7,Egln3;Ccn2;Dapk1;Gramd4;Fas;Asph;Ptgs2,3.4285714285714284,0,0.9561069958214538,4.687129967761971,1.0
GOBP_MITOTIC_NUCLEAR_DIVISION,7,Smc2;Klhdc8b;Rgcc;Pdgfb;Anln;Cdc14a;Sphk1,3.4285714285714284,3,10.150620567735334,4.562238084863347,7.0
GOBP_CELLULAR_RESPONSE_TO_RADIATION,7,Cdkn1a;Net1;Slc24a4;Hspa5;Nmt1;Ptgs2;Clock,3.4285714285714284,0,17.880865639433182,5.460599429583134,1.0
GOBP_PROTEIN_POLYMERIZATION,7,Fam107a;Eln;Tppp3;Pfn1;Capg;Casq1;Wasf1,3.4285714285714284,4,9.404706180344867,3.4316418410931,9.0
GOBP_POSITIVE_REGULATION_OF_EPITHELIAL_CELL_PROLIFERATION,7,Cdh3;Lrg1;Fgfr2;Vegfd;Glul;Pdgfb;Wnt5a,3.4285714285714284,6,12.747879590355796,5.788316751765246,13.0
GOBP_BIOMINERALIZATION,7,Slc24a4;Fgfr2;Lox;Mgp;Tent5a;Ptgs2;Pkdcc,3.4285714285714284,7,18.376754111961375,3.8418635052933365,15.0
GOBP_RESPONSE_TO_BMP,7,Scube3;Sulf1;Pdcd4;Vwc2;Sost;Tgfb2;Wnt5a,3.4285714285714284,6,16.981974549653785,6.126769770974793,13.0
GOBP_NEGATIVE_REGULATION_OF_EPITHELIAL_CELL_PROLIFERATION,7,Cdkn2b;Fgfr2;Sulf1;Rgcc;Klf9;Tgfb2;Wnt5a,3.4285714285714284,5,16.292770340525877,4.794780286423034,11.0
GOBP_POSITIVE_REGULATION_OF_VASCULATURE_DEVELOPMENT,7,Lrg1;Cyp1b1;Vegfd;Angpt2;Btg1;Wnt5a;Sphk1,3.4285714285714284,3,12.854465251745124,6.888369745397602,7.0
GOBP_POSITIVE_REGULATION_OF_SYNAPTIC_TRANSMISSION,7,Fam107a;Glul;Mpp2;Ptgs2;Cacnb2;Akap5;Slc4a8,3.4285714285714284,0,13.650245786437864,5.301342307590039,1.0
GOBP_SENSORY_PERCEPTION_OF_MECHANICAL_STIMULUS,7,Htr2a;Usp53;Tub;Fzd4;Cdc14a;Nav2;Scarb2,3.4285714285714284,6,13.451318213103098,8.038154781759589,13.0
GOBP_CELL_CYCLE_G2_M_PHASE_TRANSITION,7,Cdkn1a;Fbxl22;Mrnip;Cdk14;Wee1;Rnaseh2b;Cdc25b,3.4285714285714284,4,9.468481030167563,5.352969220409089,9.0
GOBP_REGULATION_OF_CATION_CHANNEL_ACTIVITY,7,Dapk1;Stac;Cacnb2;Ahnak;Casq1;Actn2;Gsto1,3.4285714285714284,0,22.768771683293156,5.813562580437418,1.0
GOBP_CELLULAR_AMINO_ACID_METABOLIC_PROCESS,7,Phgdh;Glul;Mthfd1;Mthfr;Nox4;Upb1;Mri1,3.4285714285714284,6,12.01020419553971,6.8888938401364275,13.0
GOBP_MUSCLE_ADAPTATION,7,Klf15;Lmcd1;Igfbp5;Myoz2;Camk2b;Casq1;Tcap,3.4285714285714284,5,10.609624109569047,5.251514538266407,11.0
GOBP_PROTEIN_ACYLATION,7,Glul;Klf15;Arntl;Nmt1;Per1;Sphk1;Clock,3.4285714285714284,0,10.81959520210913,6.044294751468273,1.0
GOBP_REGULATION_OF_MICROTUBULE_BASED_PROCESS,7,Mapre2;Fam107a;Trim58;Map1a;Pkd1;Stil;Fez1,3.4285714285714284,6,14.940358292583614,4.8414933609179265,13.0
GOBP_HORMONE_MEDIATED_SIGNALING_PATHWAY,7,Ddx17;Arntl;Per1;Thra;Nr1d1;Clock;Nr1d2,3.4285714285714284,0,4.06280472488792,5.968753006376527,1.0
GOBP_CELLULAR_LIPID_CATABOLIC_PROCESS,7,Acaa2;Cyp1b1;Etfbkmt;Ldlr;Lpl;Gpcpd1;Sphk1,3.4285714285714284,5,12.594072705919263,5.588116806861038,11.0
GOBP_RESPONSE_TO_NUTRIENT,7,Cdkn2b;Cyp1b1;Lpl;Mthfr;Ptgs2;Slc16a1;Stc2,3.4285714285714284,6,16.921132950812027,4.580203510763077,13.0
GOBP_POSITIVE_REGULATION_OF_EPITHELIAL_CELL_MIGRATION,7,Mapre2;Pdgfb;Pfn1;Ptgs2;Tgfb2;Wnt5a;Dock5,3.4285714285714284,6,13.194754060581383,3.8968113722734468,13.0
GOBP_SMOOTH_MUSCLE_CONTRACTION,7,Sulf1;Htr2a;Ptgs2;Tnni3;Dock5;Grip2;Sphk1,3.4285714285714284,11,14.793200075717426,6.8607282028448395,23.0
GOBP_CYTOKINESIS,7,Klhdc8b;Rhoc;Myh10;Anln;Cdc14a;Unc119;Cdc25b,3.4285714285714284,4,5.42980610582791,4.967433533827631,9.0
GOBP_POSITIVE_REGULATION_OF_CELL_DEVELOPMENT,7,Fermt2;Nkx6-1;Ptprz1;Cdkl5;Tlr2;Dock5;Camk2b,3.4285714285714284,11,20.99171124577014,5.758560310040688,23.0
GOBP_NEUROTRANSMITTER_TRANSPORT,7,Htr2a;Slc6a6;Cacnb2;Per2;Slc4a8;Sncaip;Sv2a,3.4285714285714284,7,15.788627794995278,7.586705524046674,15.0
GOBP_RESPONSE_TO_TOXIC_SUBSTANCE,7,Cyp1b1;Ephx1;Gstt1;Inhbb;Ptgs2;Tlr2;Gsto1,3.4285714285714284,5,15.27848575243739,4.4549867116037065,11.0
GOBP_CELLULAR_COMPONENT_ASSEMBLY_INVOLVED_IN_MORPHOGENESIS,7,Ankrd1;Myoz2;Tlr2;Casq1;Tcap;Actn2;Cd9,3.4285714285714284,5,11.528120954627886,6.28270435868359,11.0
GOBP_REGULATION_OF_OSTEOBLAST_DIFFERENTIATION,7,Fermt2;Twist2;Scube3;Fgfr2;Igfbp5;Tent5a;Limd1,3.4285714285714284,0,20.75596388148548,4.991328741419704,1.0
GOBP_POSITIVE_REGULATION_OF_LIPID_METABOLIC_PROCESS,7,Fabp3;Htr2a;Ldlr;Pdgfb;Ptgs2;Dgat2;Nr1d1,3.4285714285714284,5,10.562428372949407,5.448615258722315,11.0
GOBP_POSITIVE_REGULATION_OF_NEURON_PROJECTION_DEVELOPMENT,7,Hspa5;Serpini1;Camk1d;Wnt5a;Camk2b;Scarb2;Fez1,3.4285714285714284,6,15.486007236816397,4.712100164754125,13.0
GOBP_RNA_CATABOLIC_PROCESS,7,Lsm6;Cirbp;Tent5b;Tent5a;Zfp36l1;Zfp36l2;Rnaseh2b,3.4285714285714284,6,10.755848172573945,6.146038892561245,13.0
GOBP_MYELOID_LEUKOCYTE_ACTIVATION,7,Foxf1;Ldlr;Tlr2;Wnt5a;Sphk1;Il33;Nr1d1,3.4285714285714284,3,10.984759826461495,4.2609599202711275,7.0
GOBP_ENDOTHELIAL_CELL_PROLIFERATION,7,Lrg1;Vegfd;Sulf1;Rgcc;Mmp14;Pdgfb;Wnt5a,3.4285714285714284,5,12.294991914438551,4.810255174998893,11.0
GOBP_POSITIVE_REGULATION_OF_WNT_SIGNALING_PATHWAY,7,Cdh3;Fgfr2;Sulf1;Arntl;Tlr2;Wnt5a;Rspo3,3.4285714285714284,0,15.893885636809243,6.908067122306911,1.0
GOBP_CARDIOCYTE_DIFFERENTIATION,7,Spry1;Pdcd4;Nox4;Asb2;Tgfb2;Tcap;Actn2,3.4285714285714284,4,21.713274998609638,6.755440156314983,9.0
GOBP_MALE_SEX_DIFFERENTIATION,7,Cyp1b1;Inhbb;Mmp14;Bik;Tgfb2;Wnt5a;Arid5b,3.4285714285714284,10,20.89544901908796,4.429972478359821,21.0
GOBP_DETECTION_OF_ABIOTIC_STIMULUS,7,Slc24a4;Htr2a;Nmt1;Pkd1;Tulp1;Tcap;Unc119,3.4285714285714284,8,13.56564844066953,7.444070226314077,17.0
GOBP_MOLTING_CYCLE,11,Cdh3;Apcdd1;Fgfr2;Igfbp5;Arntl;Per1;Ptgs2;Tgfb2;Wnt5a;Fuz;Clock,3.2727272727272725,0,16.431950666487584,6.675258679068017,1.0
GOBP_DEVELOPMENTAL_MATURATION,11,Cdh3;Slc24a4;Trim58;Nkx6-1;Pfn1;Ntn4;Tgfb2;Wnt5a;Zbtb16;Camk2b;Cdc25b,3.2727272727272725,6,13.486606256800249,6.984687388291203,13.0
GOBP_REGULATION_OF_EPITHELIAL_CELL_MIGRATION,11,Mapre2;Glul;Angpt2;Rgcc;Pdgfb;Pfn1;Adamts9;Ptgs2;Tgfb2;Wnt5a;Dock5,3.2727272727272725,6,12.711009906172634,3.9445644021047936,13.0
GOBP_NEURAL_TUBE_DEVELOPMENT,11,Mthfd1l;Phgdh;Mthfd1;Mthfr;Pfn1;Pkd1;Stil;Zfp36l1;Tgfb2;Wnt5a;Fuz,3.2727272727272725,6,16.61730763411727,6.783679236924563,13.0
GOBP_HORMONE_TRANSPORT,11,Glul;Inhbb;Arntl;Pim3;Nkx6-1;Slc16a1;Fzd4;Per2;Rasl10b;Nr1d1;Clock,3.2727272727272725,6,14.870688553047987,6.5458647812835355,13.0
GOBP_POSITIVE_REGULATION_OF_GTPASE_ACTIVITY,11,Net1;Fermt2;Mapre2;Rgl1;Ngef;Dock10;Cdkl5;Wnt5a;Grtp1;Dock8;Rapgef5,3.2727272727272725,7,14.622678774373565,3.6010161898976643,15.0
GOBP_SKELETAL_MUSCLE_ORGAN_DEVELOPMENT,11,Ddx17;Eln;Ankrd1;Hlf;Arntl;Asb2;Myoz2;Gpcpd1;Casq1;Igsf8;Nr1d2,3.2727272727272725,0,14.674108684787816,9.171003137810366,1.0
GOBP_SEX_DIFFERENTIATION,11,Cyp1b1;Hspa5;Inhbb;Mmp14;Pkd1;Bik;Tgfb2;Wnt5a;Fzd4;Arid5b;Adamts1,3.2727272727272725,6,18.8586184192226,4.835950896820583,13.0
GOBP_SKELETAL_SYSTEM_MORPHOGENESIS,11,Ccn2;Fgfr2;Mthfd1l;Mgp;Mmp14;Mthfd1;Pkd1;Thra;Fuz;Arid5b;Col27a1,3.2727272727272725,1,18.870147223906912,6.556506857977552,3.0
GOBP_PLACENTA_DEVELOPMENT,11,Fgfr2;Ndp;Pdgfb;Tppp3;Pkd1;Stox2;Ptgs2;Zfp36l1;Rspo3;Stc2;Adam19,3.2727272727272725,5,12.468360450338906,7.043694487728953,11.0
GOBP_HEART_PROCESS,11,Ccn2;Hspb7;Kcnd3;Atp1b1;Nox4;Tgfb2;Thra;Tnni3;Cacnb2;Tcap;Gsto1,3.2727272727272725,4,9.196107372687745,6.5537295935738396,9.0
GOBP_VASCULAR_PROCESS_IN_CIRCULATORY_SYSTEM,11,Fermt2;Htr2a;Npr3;Ptgs2;Slc6a6;Slc16a1;Dock5;Grip2;Plvap;Per2;Slc4a8,3.2727272727272725,7,16.536344937679573,5.832292480021121,15.0
GOBP_DENDRITE_DEVELOPMENT,8,Ngef;Map1a;Dock10;Camk1d;Cdkl5;Tulp1;Camk2b;Lzts3,3.0,8,16.6657943223211,6.4896557238843355,17.0
GOBP_RESPIRATORY_SYSTEM_DEVELOPMENT,12,Spry1;Ccn2;Fgfr2;Foxf1;Igfbp5;Lox;Mmp14;Pkd1;Thra;Wnt5a;Aimp2;Pkdcc,3.0,11,22.43025495601693,6.65068327705917,23.0
GOBP_INTRACELLULAR_RECEPTOR_SIGNALING_PATHWAY,8,Ddx17;Arntl;Per1;Sec14l1;Thra;Nr1d1;Clock;Nr1d2,3.0,0,2.592043020152531,5.7811565394425495,1.0
GOBP_REGULATION_OF_CANONICAL_WNT_SIGNALING_PATHWAY,12,Cdh3;Fgfr2;Frzb;Arntl;Sost;Cdk14;Wnt5a;Tle6;Fuz;Fzd4;Rspo3;Limd1,3.0,6,14.959356055770332,6.578383249036898,13.0
GOBP_NEURAL_TUBE_FORMATION,8,Mthfd1l;Mthfd1;Mthfr;Pfn1;Stil;Tgfb2;Wnt5a;Fuz,3.0,6,16.051968803198772,7.998118714725683,13.0
GOBP_CONNECTIVE_TISSUE_DEVELOPMENT,16,Ccn2;Sulf1;Frzb;Snorc;Lox;Mgp;Pdgfb;Pkd1;Bmp3;Thra;Wnt5a;Zbtb16;Arid5b;Dgat2;Col27a1;Pkdcc,3.0,8,14.99711297532433,5.6248345554072205,17.0
GOBP_REGULATION_OF_CELL_SHAPE,8,Fermt2;Epb41;Rhoc;Rnd3;Myh10;Myo10;Limd1;Rhobtb1,3.0,0,22.75664522575812,6.759548279156462,1.0
GOBP_CELL_RECOGNITION,8,Vcan;Palld;Tnfrsf21;Tub;Tulp1;Dock8;Nexn;Cd9,3.0,3,14.000036131482572,9.222333563709608,7.0
GOBP_ORGANIC_HYDROXY_COMPOUND_TRANSPORT,8,Mfsd10;Stard3;Htr2a;Kcna2;Ldlr;Pip4k2a;Slc16a1;Eepd1,3.0,4,12.565922714322731,7.891419523049732,9.0
GOBP_POSITIVE_REGULATION_OF_SUPRAMOLECULAR_FIBER_ORGANIZATION,8,Fermt2;Ccn2;Limch1;Rgcc;Rhoc;Pfn1;Actn2;Wasf1,3.0,0,2.0891572782883494,6.968563740843433,1.0
GOBP_RESPONSE_TO_FIBROBLAST_GROWTH_FACTOR,8,Spry1;Ccn2;Fgfr2;Sulf1;Zfp36l1;Zfp36l2;Wnt5a;Fuz,3.0,10,19.54860357107899,6.538071318979933,21.0
GOBP_CELLULAR_MODIFIED_AMINO_ACID_METABOLIC_PROCESS,8,Ckb;Mthfd1l;Oplah;Gstt1;Mthfd1;Mthfr;Slc22a4;Gsto1,3.0,1,16.920757704245375,7.875747522915751,3.0
GOBP_POSITIVE_REGULATION_OF_PROTEIN_SERINE_THREONINE_KINASE_ACTIVITY,8,Fermt2;Rgcc;Htr2a;Nox4;Pdgfb;Pkd1;Wnt5a;Fzd4,3.0,6,14.434627836975567,5.745687529635546,13.0
GOBP_REGULATION_OF_MUSCLE_CONTRACTION,8,Ccn2;Atp1b1;Ptgs2;Tnni3;Dock5;Casq1;Sphk1;Gsto1,3.0,4,11.1925652330532,3.9519707737826524,9.0
GOBP_CELL_MATRIX_ADHESION,8,Fermt2;Fam107a;Ccn2;Limch1;Mmp14;Pkd1;Adamts9;Actn2,3.0,0,21.862964088025343,5.298067219894759,1.0
GOBP_CELLULAR_RESPONSE_TO_XENOBIOTIC_STIMULUS,8,Cyp1b1;Ephx1;Fmo1;Fmo2;Ankrd1;Hspa5;Nceh1;Gsto1,3.0,10,16.752568309355294,5.394641616527991,21.0
GOBP_REGULATION_OF_OSSIFICATION,8,Tob2;Mgp;Sost;Tent5a;Tgfb2;Wnt5a;Zbtb16;Pkdcc,3.0,6,16.47681702800157,4.903893798572598,13.0
GOBP_ENDOCRINE_SYSTEM_DEVELOPMENT,8,Cyp1b1;Inhbb;Arntl;Nkx6-1;Thra;Wnt5a;Arid5b;Clock,3.0,0,22.21926397596728,4.05694381523543,1.0
GOBP_CELLULAR_CARBOHYDRATE_METABOLIC_PROCESS,8,Gk;Ppp1r3b;Dgat2;Per2;Stbd1;Ndst3;Scarb2;Nr1d1,3.0,7,14.572955127451458,5.166141281031712,15.0
GOBP_REGULATION_OF_PROTEIN_BINDING,8,Cdkn1a;Epb41;Dnajb2;Lox;Pdgfb;Pkd1;Plcl1;Wnt5a,3.0,8,17.84303780692918,5.829054932930115,17.0
GOBP_REGULATION_OF_SMALL_GTPASE_MEDIATED_SIGNAL_TRANSDUCTION,8,Fam13a;Spry1;Net1;Mapre2;Ngef;Plekhg3;Tgfb2;Dock8,3.0,7,16.23831529870599,4.933285474253535,15.0
GOBP_CARTILAGE_DEVELOPMENT,12,Ccn2;Sulf1;Frzb;Snorc;Mgp;Pkd1;Bmp3;Thra;Wnt5a;Zbtb16;Col27a1;Pkdcc,3.0,8,15.192908604665263,4.889908702725213,17.0
GOBP_RHYTHMIC_PROCESS,24,Ciart;Cyp1b1;Dbp;Fbxl22;Hlf;Hspa5;Kcna2;Arntl;Nfil3;Npas2;Per1;Sfpq;Klf9;Tef;Tgfb2;Bhlhe41;Fzd4;Bhlhe40;Per3;Per2;Adamts1;Nr1d1;Clock;Nr1d2,3.0,5,12.012317161435195,6.434323478506994,11.0
GOBP_REGULATION_OF_LIPID_BIOSYNTHETIC_PROCESS,8,Fabp3;Htr2a;Ldlr;Pdgfb;Ptgs2;Dgat2;Sphk1;Nr1d1,3.0,3,9.839518482581209,5.026998929147394,7.0
GOBP_REGULATION_OF_MAP_KINASE_ACTIVITY,8,Spry1;Pdcd4;Trib2;Htr2a;Nox4;Pdgfb;Wnt5a;Fzd4,3.0,6,14.00668789125572,6.496840472377327,13.0
GOBP_POSITIVE_REGULATION_OF_GROWTH,8,Fgfr2;Foxs1;Mmp14;Cdkl5;Tead1;Tgfb2;Slc25a33;Sphk1,3.0,10,21.102735283829674,5.8891096939602186,21.0
GOBP_NEGATIVE_REGULATION_OF_GROWTH,8,Cdkn1a;Frzb;Dnajb2;Igfbp5;Btg1;Tgfb2;Wnt5a;Stc2,3.0,5,16.039091490162672,5.6215234801528435,11.0
GOBP_POSITIVE_REGULATION_OF_ION_TRANSPORT,8,Atp1b1;P2rx5;Pdgfb;Stac;Cacnb2;Casq1;Actn2;Gsto1,3.0,5,8.414969916598796,8.22469149381476,11.0
GOBP_REGULATION_OF_FAT_CELL_DIFFERENTIATION,13,Fermt2;Jdp2;Frzb;Trib2;Htr2a;Lpl;Arntl;Ptgs2;Zfp36l1;Zfp36l2;Wnt5a;Zbtb16;Nr1d1,2.7692307692307696,6,14.999146509128593,6.1981500135334295,13.0
GOBP_ESTABLISHMENT_OR_MAINTENANCE_OF_CELL_POLARITY,13,Ust;Spry1;Foxf1;Plekhg3;Rhoc;Rnd3;Pkd1;Dst;Wee1;Wnt5a;Dock8;Fez1;Rhobtb1,2.7692307692307696,6,16.72565824387899,6.253274000746014,13.0
GOBP_GLIOGENESIS,13,Cdkn2b;Apcdd1;Phgdh;Tnfrsf21;Klf15;Ldlr;Mmp14;Nkx6-1;Ptprz1;Tgfb2;Tlr2;Cd9;Nr1d1,2.7692307692307696,5,15.86155982418002,7.699496567963909,11.0
GOBP_MORPHOGENESIS_OF_A_BRANCHING_STRUCTURE,9,Spry1;Fgfr2;Foxf1;Sulf1;Mmp14;Pkd1;Ntn4;Wnt5a;Rspo3,2.6666666666666665,8,17.88249379406328,6.403083282522687,17.0
GOBP_NEGATIVE_REGULATION_OF_KINASE_ACTIVITY,9,Spry1;Cdkn1a;Cdkn2b;Pkig;Pik3ip1;Pdcd4;Trib2;Pip4k2a;Ppp1r1b,2.6666666666666665,4,11.193020521581076,8.985507033541776,9.0
GOBP_MULTI_MULTICELLULAR_ORGANISM_PROCESS,9,Adcy7;Angpt2;Igfbp5;Ndp;Tppp3;Stox2;Ptgs2;Tle6;Stc2,2.6666666666666665,5,12.849935181836187,4.286367238425122,11.0
GOBP_INOSITOL_LIPID_MEDIATED_SIGNALING,9,Pik3ip1;Htr2a;Npr3;Wnt16;Pdgfb;Plcl1;Pitpnm2;Zfp36l1;Tgfb2,2.6666666666666665,9,19.943932512506343,6.171567940804314,19.0
GOBP_RESPONSE_TO_PURINE_CONTAINING_COMPOUND,9,Cyp1b1;Hspa5;Igfbp5;Inhbb;P2rx5;Per1;Ptgs2;Zfp36l1;Hsp90b1,2.6666666666666665,10,19.385652473101224,5.101510779727682,21.0
GOBP_POSITIVE_REGULATION_OF_INFLAMMATORY_RESPONSE,9,Pdcd4;Il16;Ldlr;Lpl;Ptgs2;Tlr2;Wnt5a;Il33;Clock,2.6666666666666665,5,13.405070238602056,4.482149472542952,11.0
GOBP_REGULATION_OF_INSULIN_SECRETION,9,Glul;Inhbb;Arntl;Pim3;Nkx6-1;Slc16a1;Per2;Nr1d1;Clock,2.6666666666666665,0,15.846296009341597,8.862737393152358,1.0
GOBP_NEGATIVE_REGULATION_OF_TRANSFERASE_ACTIVITY,9,Spry1;Cdkn1a;Cdkn2b;Pkig;Pik3ip1;Pdcd4;Trib2;Pip4k2a;Ppp1r1b,2.6666666666666665,4,11.193020521581076,8.985507033541776,9.0
GOBP_CALCIUM_MEDIATED_SIGNALING,9,Slc24a4;Lmcd1;Atp1b1;P2rx5;Myoz2;Tnni3;Casq1;Sphk1;Gsto1,2.6666666666666665,4,11.75159149805898,4.525946390258962,9.0
GOBP_POSITIVE_REGULATION_OF_CYTOSKELETON_ORGANIZATION,9,Fermt2;Ccn2;Limch1;Rgcc;Rhoc;Pfn1;Stil;Actn2;Wasf1,2.6666666666666665,0,0.6656036639179752,6.365403274223605,1.0
GOBP_INSULIN_SECRETION,9,Glul;Inhbb;Arntl;Pim3;Nkx6-1;Slc16a1;Per2;Nr1d1;Clock,2.6666666666666665,0,15.846296009341597,8.862737393152358,1.0
GOBP_RESPONSE_TO_MONOSACCHARIDE,9,Ccn2;Glul;Angpt2;Lpl;Pim3;Nkx6-1;Nox4;Ptgs2;Nr1d1,2.6666666666666665,4,13.147463911405865,6.106945550406958,9.0
GOBP_REGULATION_OF_HEART_CONTRACTION,9,Ccn2;Hspb7;Kcnd3;Atp1b1;Tgfb2;Thra;Tnni3;Cacnb2;Gsto1,2.6666666666666665,4,7.18643983165444,6.544210214839403,9.0
GOBP_HEART_MORPHOGENESIS,14,Spry1;Eln;Fgfr2;Foxf1;Ankrd1;Pdcd4;Wnt16;Asb2;Stil;Tgfb2;Tnni3;Wnt5a;Tcap;Adamts1,2.5714285714285716,0,0.7962940280561175,7.233706335535942,1.0
GOBP_FAT_CELL_DIFFERENTIATION,19,Fermt2;Lrg1;Jdp2;Fabp3;Frzb;Grk5;Trib2;Htr2a;Inhbb;Lpl;Arntl;Ptgs2;Zfp36l1;Zfp36l2;Wnt5a;Zbtb16;Arid5b;Per2;Nr1d1,2.526315789473684,5,15.382667856256603,6.019860381475142,11.0
GOBP_SMOOTH_MUSCLE_CELL_PROLIFERATION,10,Cdkn1a;Eln;Fgfr2;Pdcd4;Igfbp5;Npr3;Ogn;Pdgfb;Ptgs2;Adamts1,2.4000000000000004,0,18.308970419020373,8.377300231305723,1.0
GOBP_REGULATION_OF_PEPTIDE_TRANSPORT,10,Glul;Inhbb;Arntl;Pim3;Nkx6-1;Slc16a1;Per2;Rasl10b;Nr1d1;Clock,2.4000000000000004,0,15.587832152431222,7.303264770096724,1.0
GOBP_RESPONSE_TO_CARBOHYDRATE,10,Ccn2;Glul;Angpt2;Lpl;Pim3;Nkx6-1;Nox4;Ptgs2;Zfp36l1;Nr1d1,2.4000000000000004,4,13.944736184230198,7.314839024693966,9.0
GOBP_PROTEIN_AUTOPHOSPHORYLATION,10,Dapk1;Fgfr2;Dapk2;Grk5;Mknk2;Pim3;Pdgfb;Stk26;Cdkl5;Camk2b,2.4000000000000004,0,0.31172655731656923,7.111242300744298,1.0
GOBP_EPITHELIAL_TUBE_FORMATION,10,Fgfr2;Mthfd1l;Mthfd1;Mthfr;Pfn1;Stil;Tgfb2;Wnt5a;Fuz;Tcap,2.4000000000000004,4,15.821343030627654,7.959638015342662,9.0
GOBP_REGULATION_OF_STRESS_ACTIVATED_PROTEIN_KINASE_SIGNALING_CASCADE,10,Ccn2;Mecom;Mturn;Pdcd4;Fas;Wnt16;Per1;Tgfb2;Wnt5a;Sphk1,2.4000000000000004,9,18.192376291922322,7.213872187268242,19.0
GOBP_AMIDE_TRANSPORT,10,Glul;Inhbb;Arntl;Pim3;Nkx6-1;Slc16a1;Per2;Rasl10b;Nr1d1;Clock,2.4000000000000004,0,15.587832152431222,7.303264770096724,1.0
GOBP_PEPTIDE_TRANSPORT,10,Glul;Inhbb;Arntl;Pim3;Nkx6-1;Slc16a1;Per2;Rasl10b;Nr1d1;Clock,2.4000000000000004,0,15.587832152431222,7.303264770096724,1.0
GOBP_TUBE_FORMATION,10,Fgfr2;Mthfd1l;Mthfd1;Mthfr;Pfn1;Stil;Tgfb2;Wnt5a;Fuz;Tcap,2.4000000000000004,4,15.821343030627654,7.959638015342662,9.0
GOBP_ACTOMYOSIN_STRUCTURE_ORGANIZATION,15,Fermt2;Ccn2;Eln;Epb41;Limch1;Ankrd1;Rgcc;Rhoc;Myh10;Myoz2;Pfn1;Anln;Casq1;Tcap;Actn2,2.4000000000000004,0,0.3099844652969761,6.9264014405050665,1.0
GOBP_REGULATION_OF_HORMONE_SECRETION,10,Glul;Inhbb;Arntl;Pim3;Nkx6-1;Slc16a1;Per2;Rasl10b;Nr1d1;Clock,2.4000000000000004,0,15.587832152431222,7.303264770096724,1.0
GOBP_POSITIVE_REGULATION_OF_CELL_CYCLE_PROCESS,10,Ccn2;Rgcc;Pdgfb;Sfpq;Stil;Wnt5a;Cdc14a;Sphk1;Adamts1;Cdc25b,2.4000000000000004,3,11.635211538797606,5.775511243654816,7.0
GOBP_EPITHELIAL_TO_MESENCHYMAL_TRANSITION,10,Spry1;Ddx17;Fermt2;Fgfr2;Pdcd4;Rgcc;Wnt16;Tgfb2;Wnt5a;Fuz,2.4000000000000004,0,23.0311208109096,7.2193856046904745,1.0
GOBP_RESPONSE_TO_TUMOR_NECROSIS_FACTOR,11,Cyp1b1;Ankrd1;Tnfrsf21;Fas;Krt18;Ptgs2;Zfp36l1;Zfp36l2;Plvap;Sphk1;Nr1d1,2.181818181818182,1,4.617223298130892,7.153280155822747,3.0
GOBP_POSITIVE_REGULATION_OF_DEFENSE_RESPONSE,11,Pdcd4;Il16;Ldlr;Lpl;Npas2;Ptgs2;Sfpq;Tlr2;Wnt5a;Il33;Clock,2.181818181818182,0,14.43769597262543,5.641582712311955,1.0
GOBP_MESENCHYMAL_CELL_DIFFERENTIATION,11,Spry1;Ddx17;Fermt2;Fgfr2;Frzb;Pdcd4;Rgcc;Wnt16;Tgfb2;Wnt5a;Fuz,2.181818181818182,0,22.400141647881807,8.984093543416979,1.0
GOBP_STRESS_ACTIVATED_PROTEIN_KINASE_SIGNALING_CASCADE,11,Ccn2;Mecom;Mturn;Pdcd4;Fas;Wnt16;Per1;Zfp36l1;Tgfb2;Wnt5a;Sphk1,2.181818181818182,9,20.152214210168857,7.0227736853139415,19.0
GOBP_OSTEOBLAST_DIFFERENTIATION,11,Lrrc17;Fermt2;Twist2;Vcan;Scube3;Fgfr2;Igfbp5;Lox;Tent5a;Bmp3;Limd1,2.181818181818182,0,18.954684599727454,6.074555861281485,1.0
GOBP_MUSCLE_CELL_PROLIFERATION,11,Cdkn1a;Eln;Fgfr2;Pdcd4;Igfbp5;Npr3;Ogn;Pdgfb;Ptgs2;Tgfb2;Adamts1,2.181818181818182,0,18.574471532292215,7.159965932463283,1.0
GOBP_POSITIVE_REGULATION_OF_SECRETION,11,Ankrd1;Glul;Rgcc;Inhbb;Myh10;Nkx6-1;Tgfb2;Tlr2;Cacnb2;Rasl10b;Slc4a8,2.181818181818182,5,18.061790325812638,5.462935685049781,11.0
GOBP_SKIN_DEVELOPMENT,11,Cdh3;Apcdd1;Fgfr2;Palld;Igfbp5;Wnt16;Pkd1;Zfp36l1;Tgfb2;Wnt5a;Fuz,2.181818181818182,0,18.793149686213884,5.60862709403969,1.0
GOBP_REGULATION_OF_CIRCADIAN_RHYTHM,11,Fbxl22;Kcna2;Arntl;Per1;Sfpq;Bhlhe40;Per3;Per2;Nr1d1;Clock;Nr1d2,2.181818181818182,0,9.126934790674548,6.29960857095653,1.0
GOBP_REGULATION_OF_MUSCLE_SYSTEM_PROCESS,11,Ccn2;Lmcd1;Igfbp5;Atp1b1;Ptgs2;Tnni3;Dock5;Camk2b;Casq1;Sphk1;Gsto1,2.181818181818182,4,10.746662162667146,5.372425848167766,9.0
GOBP_MRNA_CATABOLIC_PROCESS,6,Lsm6;Cirbp;Tent5b;Tent5a;Zfp36l1;Zfp36l2,2.0,2,9.154283204314378,6.984444920661094,5.0
GOBP_POLYSACCHARIDE_METABOLIC_PROCESS,6,Pdgfb;Ppp1r3b;Per2;Stbd1;Ndst3;Nr1d1,2.0,3,13.105180451624355,5.166876606684404,7.0
GOBP_BRANCHING_MORPHOGENESIS_OF_AN_EPITHELIAL_TUBE,6,Spry1;Fgfr2;Foxf1;Mmp14;Pkd1;Wnt5a,2.0,1,22.29058469533406,7.397514455792567,3.0
GOBP_ADAPTIVE_THERMOGENESIS,6,Arntl;Npr3;Plcl1;Thra;Per2;Nr1d1,2.0,0,19.272867280983032,7.339491985677038,1.0
GOBP_REGULATION_OF_SYNAPTIC_PLASTICITY,6,Fam107a;Map1a;Mpp2;Ptgs2;Camk2b;Akap5,2.0,0,8.014277166753567,10.969160910933052,1.0
GOBP_XENOBIOTIC_METABOLIC_PROCESS,6,Cyp1b1;Ephx1;Fmo1;Fmo2;Nceh1;Gsto1,2.0,4,14.197682224598886,4.425499840347612,9.0
GOBP_DIGESTIVE_SYSTEM_DEVELOPMENT,6,Fgfr2;Foxf1;Pkd1;Tgfb2;Wnt5a;Pkdcc,2.0,3,18.265059935394895,5.176513650836327,7.0
GOBP_POSITIVE_REGULATION_OF_DNA_METABOLIC_PROCESS,6,Cyp1b1;Rgcc;Npas2;Nox4;Mrnip;Pdgfb,2.0,0,8.56939237854495,7.2981155093048145,1.0
GOBP_RETINA_DEVELOPMENT_IN_CAMERA_TYPE_EYE,6,Cyp1b1;Ndp;Tgfb2;Tub;Tulp1;Fzd4,2.0,0,15.734786876585847,8.732248213648532,1.0
GOBP_POSITIVE_REGULATION_OF_CELL_DIVISION,6,Fgfr2;Vegfd;Pdgfb;Tgfb2;Cdc14a;Cdc25b,2.0,3,13.680813837069438,6.118431707863402,7.0
GOBP_POSITIVE_REGULATION_OF_CELL_GROWTH,6,Mmp14;Cdkl5;Tead1;Tgfb2;Slc25a33;Sphk1,2.0,1,18.693011323657828,7.505986790360147,3.0
GOBP_CARBOHYDRATE_BIOSYNTHETIC_PROCESS,6,Pdgfb;Ppp1r3b;Dgat2;Per2;Ndst3;Nr1d1,2.0,3,12.52797165010626,5.302093758108576,7.0
GOBP_MACROPHAGE_ACTIVATION,6,Ldlr;Tlr2;Wnt5a;Sphk1;Il33;Nr1d1,2.0,3,12.006648959882016,3.9576426450100453,7.0
GOBP_STRIATED_MUSCLE_CELL_DIFFERENTIATION,12,Ankrd1;Igfbp5;Mmp14;Nox4;Asb2;Myoz2;Jam2;Bhlhe41;Casq1;Tcap;Actn2;Cd9,2.0,5,14.540929888881898,7.188690546634231,11.0
GOBP_PHOTOPERIODISM,6,Fbxl22;Per1;Bhlhe40;Per3;Per2;Clock,2.0,0,10.764650156215874,4.895203578935901,1.0
GOBP_SENSORY_ORGAN_MORPHOGENESIS,6,Fgfr2;Frzb;Wnt16;Tulp1;Wnt5a;Tcap,2.0,0,9.773638706511152,5.917338064661919,1.0
GOBP_ACTIN_POLYMERIZATION_OR_DEPOLYMERIZATION,6,Fam107a;Eln;Pfn1;Capg;Actn2;Wasf1,2.0,0,8.47488720880019,5.983939877133527,1.0
