bf_threshold,Aligned,Misaligned,Unique aligned,Unique misaligned,Shared
0.5,626,689,534,597,92
0.5095095095095095,620,680,532,592,88
0.519019019019019,615,675,529,589,86
0.5285285285285285,606,665,522,581,84
0.5380380380380381,600,654,516,570,84
0.5475475475475475,586,646,502,562,84
0.5570570570570571,580,634,499,553,81
0.5665665665665666,568,626,488,546,80
0.5760760760760761,560,621,481,542,79
0.5855855855855856,552,614,474,536,78
0.5950950950950951,548,607,472,531,76
0.6046046046046046,539,605,463,529,76
0.6141141141141141,531,595,459,523,72
0.6236236236236237,516,586,445,515,71
0.6331331331331331,510,575,441,506,69
0.6426426426426426,504,567,437,500,67
0.6521521521521522,493,560,427,494,66
0.6616616616616617,489,551,424,486,65
0.6711711711711712,480,542,420,482,60
0.6806806806806807,473,536,415,478,58
0.6901901901901902,468,530,411,473,57
0.6996996996996997,465,526,410,471,55
0.7092092092092093,460,516,406,462,54
0.7187187187187187,459,508,405,454,54
0.7282282282282282,458,504,404,450,54
0.7377377377377378,450,492,398,440,52
0.7472472472472473,443,485,392,434,51
0.7567567567567568,438,479,388,429,50
0.7662662662662663,432,470,382,420,50
0.7757757757757757,429,467,379,417,50
0.7852852852852853,423,464,374,415,49
0.7947947947947949,416,456,369,409,47
0.8043043043043043,404,452,361,409,43
0.8138138138138138,402,446,359,403,43
0.8233233233233234,397,442,354,399,43
0.8328328328328329,391,441,348,398,43
0.8423423423423424,389,432,347,390,42
0.8518518518518519,386,429,344,387,42
0.8613613613613613,380,424,338,382,42
0.8708708708708709,378,417,336,375,42
0.8803803803803805,371,412,330,371,41
0.8898898898898899,367,411,327,371,40
0.8993993993993994,362,403,322,363,40
0.908908908908909,357,400,318,361,39
0.9184184184184184,356,394,317,355,39
0.927927927927928,354,390,315,351,39
0.9374374374374375,350,384,313,347,37
0.9469469469469469,345,379,309,343,36
0.9564564564564565,339,379,304,344,35
0.9659659659659661,333,374,299,340,34
0.9754754754754755,328,371,295,338,33
0.984984984984985,326,368,293,335,33
0.9944944944944946,323,362,291,330,32
1.004004004004004,320,356,288,324,32
1.0135135135135136,315,352,284,321,31
1.023023023023023,312,347,281,316,31
1.0325325325325325,306,343,275,312,31
1.0420420420420422,305,339,275,309,30
1.0515515515515514,303,336,275,308,28
1.0610610610610611,302,333,275,306,27
1.0705705705705706,298,324,271,297,27
1.08008008008008,294,323,267,296,27
1.0895895895895897,289,318,262,291,27
1.0990990990990992,286,313,259,286,27
1.1086086086086087,284,309,257,282,27
1.1181181181181181,282,303,255,276,27
1.1276276276276276,282,295,255,268,27
1.1371371371371373,280,290,254,264,26
1.1466466466466467,277,285,251,259,26
1.1561561561561562,274,280,249,255,25
1.1656656656656659,271,274,247,250,24
1.1751751751751751,268,269,244,245,24
1.1846846846846848,267,261,243,237,24
1.1941941941941943,267,259,243,235,24
1.2037037037037037,263,258,241,236,22
1.2132132132132134,259,257,237,235,22
1.2227227227227226,257,253,235,231,22
1.2322322322322323,254,251,232,229,22
1.2417417417417418,253,248,232,227,21
1.2512512512512513,250,246,229,225,21
1.260760760760761,250,243,229,222,21
1.2702702702702702,247,240,227,220,20
1.2797797797797799,247,237,227,217,20
1.2892892892892893,245,233,226,214,19
1.2987987987987988,244,229,226,211,18
1.3083083083083085,242,225,224,207,18
1.317817817817818,239,223,221,205,18
1.3273273273273274,236,216,219,199,17
1.3368368368368369,235,214,218,197,17
1.3463463463463463,233,211,216,194,17
1.355855855855856,227,209,210,192,17
1.3653653653653655,225,208,208,191,17
1.374874874874875,222,208,205,191,17
1.3843843843843846,219,205,203,189,16
1.3938938938938938,218,203,202,187,16
1.4034034034034035,214,202,199,187,15
1.412912912912913,213,202,198,187,15
1.4224224224224224,208,200,193,185,15
1.4319319319319321,205,195,190,180,15
1.4414414414414414,203,193,188,178,15
1.450950950950951,201,193,186,178,15
1.4604604604604605,199,188,184,173,15
1.46996996996997,194,187,179,172,15
1.4794794794794797,194,184,179,169,15
1.4889889889889891,190,180,175,165,15
1.4984984984984986,185,178,170,163,15
1.508008008008008,182,176,167,161,15
1.5175175175175175,182,175,167,160,15
1.5270270270270272,181,174,166,159,15
1.5365365365365367,178,173,163,158,15
1.5460460460460461,178,172,163,157,15
1.5555555555555556,178,169,163,154,15
1.565065065065065,176,169,161,154,15
1.5745745745745747,175,164,160,149,15
1.5840840840840842,173,163,158,148,15
1.5935935935935936,170,161,155,146,15
1.603103103103103,168,161,153,146,15
1.6126126126126128,167,158,152,143,15
1.6221221221221223,166,157,151,142,15
1.6316316316316317,163,154,148,139,15
1.6411411411411412,161,153,146,138,15
1.6506506506506506,159,152,144,137,15
1.6601601601601603,158,150,143,135,15
1.6696696696696698,155,150,140,135,15
1.6791791791791792,152,150,137,135,15
1.6886886886886887,150,148,135,133,15
1.6981981981981984,149,147,134,132,15
1.7077077077077079,149,147,134,132,15
1.7172172172172173,147,143,132,128,15
1.7267267267267268,145,141,130,126,15
1.7362362362362362,142,140,127,125,15
1.745745745745746,141,139,126,124,15
1.7552552552552554,137,138,122,123,15
1.7647647647647648,136,136,121,121,15
1.7742742742742743,135,136,120,121,15
1.783783783783784,131,134,116,119,15
1.7932932932932935,129,133,114,118,15
1.802802802802803,129,132,114,117,15
1.8123123123123124,128,130,113,115,15
1.8218218218218218,128,130,113,115,15
1.8313313313313315,126,129,111,114,15
1.840840840840841,125,129,110,114,15
1.8503503503503504,123,127,108,112,15
1.85985985985986,123,125,108,110,15
1.8693693693693696,122,124,107,109,15
1.878878878878879,121,124,106,109,15
1.8883883883883885,120,124,105,109,15
1.897897897897898,119,124,104,109,15
1.9074074074074074,118,124,103,109,15
1.9169169169169171,118,122,103,107,15
1.9264264264264266,117,121,103,107,14
1.935935935935936,117,120,103,106,14
1.9454454454454455,116,120,102,106,14
1.954954954954955,115,119,101,105,14
1.9644644644644647,115,119,101,105,14
1.9739739739739741,115,117,101,103,14
1.9834834834834836,115,116,101,102,14
1.992992992992993,115,116,101,102,14
2.0025025025025025,114,116,100,102,14
2.012012012012012,113,115,99,101,14
2.021521521521522,110,113,96,99,14
2.031031031031031,110,112,96,98,14
2.0405405405405403,109,110,95,96,14
2.05005005005005,107,110,93,96,14
2.0595595595595597,107,107,93,93,14
2.0690690690690694,106,104,92,90,14
2.0785785785785786,105,104,91,90,14
2.0880880880880883,105,103,91,89,14
2.0975975975975976,104,103,90,89,14
2.1071071071071072,104,102,90,88,14
2.116616616616617,102,102,88,88,14
2.126126126126126,102,101,88,87,14
2.135635635635636,100,101,86,87,14
2.145145145145145,100,101,86,87,14
2.1546546546546548,100,100,86,86,14
2.1641641641641645,99,100,85,86,14
2.1736736736736737,99,100,85,86,14
2.1831831831831834,99,99,85,85,14
2.1926926926926926,99,98,85,84,14
2.2022022022022023,99,96,85,82,14
2.211711711711712,99,95,85,81,14
2.2212212212212217,96,95,82,81,14
2.230730730730731,96,95,82,81,14
2.24024024024024,96,95,82,81,14
2.24974974974975,96,94,82,80,14
2.2592592592592595,96,93,82,79,14
2.268768768768769,96,93,82,79,14
2.2782782782782784,95,92,81,78,14
2.2877877877877877,95,89,81,75,14
2.2972972972972974,95,88,81,74,14
2.306806806806807,95,88,81,74,14
2.3163163163163167,93,88,79,74,14
2.325825825825826,91,88,77,74,14
2.335335335335335,91,87,77,73,14
2.344844844844845,89,86,75,72,14
2.3543543543543546,88,84,74,70,14
2.3638638638638643,86,84,72,70,14
2.3733733733733735,86,83,72,69,14
2.3828828828828827,85,83,71,69,14
2.3923923923923924,85,83,71,69,14
2.401901901901902,84,83,70,69,14
2.411411411411412,84,83,70,69,14
2.420920920920921,84,82,70,68,14
2.4304304304304303,83,81,69,67,14
2.43993993993994,83,81,69,67,14
2.4494494494494496,82,79,68,65,14
2.4589589589589593,82,76,69,63,13
2.4684684684684686,82,75,69,62,13
2.4779779779779783,79,74,67,62,12
2.4874874874874875,79,71,67,59,12
2.496996996996997,79,70,67,58,12
2.506506506506507,79,70,67,58,12
2.516016016016016,79,70,67,58,12
2.525525525525526,79,69,67,57,12
2.535035035035035,79,68,67,56,12
2.5445445445445447,78,67,66,55,12
2.5540540540540544,77,66,65,54,12
2.5635635635635636,77,64,66,53,11
2.5730730730730733,76,63,66,53,10
2.5825825825825826,76,63,66,53,10
2.5920920920920922,76,61,66,51,10
2.601601601601602,75,60,65,50,10
2.611111111111111,74,59,65,50,9
2.620620620620621,72,58,63,49,9
2.63013013013013,70,58,61,49,9
2.6396396396396398,70,58,61,49,9
2.6491491491491495,70,58,61,49,9
2.6586586586586587,70,58,61,49,9
2.6681681681681684,70,57,61,48,9
2.677677677677678,70,56,61,47,9
2.6871871871871873,69,56,60,47,9
2.696696696696697,69,56,60,47,9
2.706206206206206,67,55,58,46,9
2.715715715715716,66,55,57,46,9
2.7252252252252256,66,55,57,46,9
2.734734734734735,66,55,57,46,9
2.7442442442442445,65,55,56,46,9
2.7537537537537538,65,55,56,46,9
2.7632632632632634,65,55,56,46,9
2.772772772772773,65,54,56,45,9
2.7822822822822824,64,54,55,45,9
2.791791791791792,64,52,55,43,9
2.8013013013013013,62,52,53,43,9
2.810810810810811,62,52,53,43,9
2.8203203203203207,62,52,53,43,9
2.82982982982983,62,51,53,42,9
2.8393393393393396,62,50,53,41,9
2.8488488488488493,62,50,53,41,9
2.8583583583583585,62,50,53,41,9
2.867867867867868,61,49,52,40,9
2.8773773773773774,61,49,52,40,9
2.886886886886887,61,49,52,40,9
2.896396396396397,61,47,52,38,9
2.905905905905906,59,46,50,37,9
2.9154154154154157,59,45,50,36,9
2.924924924924925,59,45,50,36,9
2.9344344344344346,59,45,50,36,9
2.9439439439439443,59,45,50,36,9
2.9534534534534536,59,45,50,36,9
2.9629629629629632,59,45,50,36,9
2.9724724724724725,59,45,50,36,9
2.981981981981982,59,45,50,36,9
2.991491491491492,58,45,49,36,9
3.001001001001001,58,45,49,36,9
3.0105105105105108,58,45,49,36,9
3.02002002002002,58,45,49,36,9
3.0295295295295297,58,45,49,36,9
3.0390390390390394,58,44,49,35,9
3.0485485485485486,58,43,49,34,9
3.0580580580580583,58,43,49,34,9
3.067567567567568,56,43,47,34,9
3.0770770770770772,56,43,47,34,9
3.086586586586587,56,43,47,34,9
3.096096096096096,56,43,47,34,9
3.105605605605606,56,43,47,34,9
3.1151151151151155,56,42,47,33,9
3.1246246246246248,56,42,47,33,9
3.1341341341341344,56,42,47,33,9
3.1436436436436437,56,42,47,33,9
3.1531531531531534,56,42,47,33,9
3.162662662662663,56,41,47,32,9
3.1721721721721723,56,41,47,32,9
3.181681681681682,56,41,47,32,9
3.191191191191191,55,41,46,32,9
3.200700700700701,55,41,46,32,9
3.2102102102102106,55,41,46,32,9
3.21971971971972,53,41,44,32,9
3.2292292292292295,53,41,44,32,9
3.238738738738739,53,41,44,32,9
3.2482482482482484,53,41,44,32,9
3.257757757757758,53,41,44,32,9
3.2672672672672673,53,41,44,32,9
3.276776776776777,53,41,44,32,9
3.2862862862862867,53,41,44,32,9
3.295795795795796,53,41,44,32,9
3.3053053053053056,53,41,44,32,9
3.314814814814815,53,41,44,32,9
3.3243243243243246,53,41,44,32,9
3.3338338338338342,53,41,44,32,9
3.3433433433433435,53,41,44,32,9
3.352852852852853,53,41,44,32,9
3.3623623623623624,53,41,44,32,9
3.371871871871872,53,41,44,32,9
3.381381381381382,53,41,44,32,9
3.390890890890891,52,41,43,32,9
3.4004004004004007,52,41,43,32,9
3.40990990990991,52,41,43,32,9
3.4194194194194196,52,41,43,32,9
3.4289289289289293,52,40,44,32,8
3.4384384384384385,52,40,44,32,8
3.4479479479479482,52,40,44,32,8
3.457457457457458,52,40,44,32,8
3.466966966966967,52,40,44,32,8
3.476476476476477,51,40,43,32,8
3.485985985985986,51,38,43,30,8
3.4954954954954958,50,38,42,30,8
3.5050050050050054,49,38,41,30,8
3.5145145145145147,49,38,41,30,8
3.5240240240240244,48,38,40,30,8
3.5335335335335336,48,37,41,30,7
3.5430430430430433,47,37,40,30,7
3.552552552552553,47,37,40,30,7
3.562062062062062,47,37,40,30,7
3.571571571571572,47,37,40,30,7
3.581081081081081,47,37,40,30,7
3.590590590590591,47,37,40,30,7
3.6001001001001005,46,37,39,30,7
3.6096096096096097,44,37,38,31,6
3.6191191191191194,44,37,38,31,6
3.6286286286286287,44,37,38,31,6
3.6381381381381384,44,37,38,31,6
3.647647647647648,44,36,38,30,6
3.6571571571571573,44,36,38,30,6
3.666666666666667,44,36,38,30,6
3.6761761761761766,44,36,38,30,6
3.685685685685686,44,36,38,30,6
3.6951951951951956,44,36,38,30,6
3.704704704704705,44,36,38,30,6
3.7142142142142145,44,36,38,30,6
3.723723723723724,44,36,38,30,6
3.7332332332332334,44,36,38,30,6
3.742742742742743,44,36,38,30,6
3.7522522522522523,44,36,38,30,6
3.761761761761762,44,36,38,30,6
3.7712712712712717,44,36,38,30,6
3.780780780780781,44,36,38,30,6
3.7902902902902906,44,36,38,30,6
3.7997997997998,44,36,38,30,6
3.8093093093093096,44,36,38,30,6
3.8188188188188192,44,36,38,30,6
3.8283283283283285,42,35,36,29,6
3.837837837837838,42,34,36,28,6
3.8473473473473474,42,34,36,28,6
3.856856856856857,42,34,36,28,6
3.8663663663663668,42,34,36,28,6
3.875875875875876,42,33,36,27,6
3.8853853853853857,42,33,36,27,6
3.8948948948948954,42,33,36,27,6
3.9044044044044046,42,33,36,27,6
3.9139139139139143,40,32,34,26,6
3.9234234234234235,40,32,34,26,6
3.9329329329329332,40,32,34,26,6
3.942442442442443,40,32,34,26,6
3.951951951951952,40,31,34,25,6
3.961461461461462,40,31,34,25,6
3.970970970970971,40,31,34,25,6
3.9804804804804808,39,31,33,25,6
3.9899899899899904,39,31,33,25,6
3.9994994994994997,39,31,33,25,6
4.009009009009009,38,31,32,25,6
4.018518518518519,38,31,32,25,6
4.028028028028029,38,31,32,25,6
4.037537537537538,38,31,32,25,6
4.047047047047047,38,31,32,25,6
4.056556556556557,38,31,32,25,6
4.066066066066067,38,31,32,25,6
4.075575575575575,38,29,32,23,6
4.085085085085085,38,29,32,23,6
4.094594594594595,38,29,32,23,6
4.104104104104104,38,27,32,21,6
4.113613613613614,38,27,32,21,6
4.123123123123124,38,27,32,21,6
4.1326326326326335,38,26,32,20,6
4.142142142142142,37,26,31,20,6
4.151651651651652,37,26,31,20,6
4.161161161161162,37,26,31,20,6
4.17067067067067,37,26,31,20,6
4.18018018018018,37,26,31,20,6
4.18968968968969,37,26,31,20,6
4.1991991991991995,37,26,31,20,6
4.208708708708709,37,26,31,20,6
4.218218218218219,37,26,31,20,6
4.2277277277277285,37,26,31,20,6
4.237237237237237,37,26,31,20,6
4.246746746746747,37,26,31,20,6
4.256256256256257,37,26,31,20,6
4.2657657657657655,37,26,31,20,6
4.275275275275275,37,26,31,20,6
4.284784784784785,37,26,31,20,6
4.2942942942942945,37,26,31,20,6
4.303803803803804,37,26,31,20,6
4.313313313313314,37,26,31,20,6
4.322822822822824,36,26,30,20,6
4.332332332332333,36,26,30,20,6
4.341841841841842,36,26,30,20,6
4.351351351351352,36,26,30,20,6
4.3608608608608606,36,26,30,20,6
4.37037037037037,36,26,30,20,6
4.37987987987988,36,26,30,20,6
4.38938938938939,36,26,30,20,6
4.398898898898899,36,25,30,19,6
4.408408408408409,36,25,30,19,6
4.417917917917919,36,25,30,19,6
4.427427427427428,36,24,30,18,6
4.436936936936937,36,24,30,18,6
4.446446446446447,34,24,28,18,6
4.4559559559559565,34,24,28,18,6
4.465465465465465,34,24,28,18,6
4.474974974974975,34,24,28,18,6
4.484484484484485,34,24,28,18,6
4.493993993993994,34,24,28,18,6
4.503503503503504,34,24,28,18,6
4.513013013013014,34,24,28,18,6
4.5225225225225225,34,24,28,18,6
4.532032032032032,34,24,28,18,6
4.541541541541542,34,24,28,18,6
4.551051051051052,34,24,28,18,6
4.560560560560561,34,24,28,18,6
4.57007007007007,33,24,27,18,6
4.57957957957958,33,23,27,17,6
4.589089089089089,33,23,27,17,6
4.598598598598599,33,23,27,17,6
4.608108108108109,33,23,27,17,6
4.617617617617618,33,23,27,17,6
4.627127127127127,33,23,27,17,6
4.636636636636637,33,23,27,17,6
4.646146146146147,33,23,27,17,6
4.655655655655656,33,23,27,17,6
4.665165165165165,33,23,27,17,6
4.674674674674675,31,23,25,17,6
4.6841841841841845,31,22,25,16,6
4.693693693693694,31,22,25,16,6
4.703203203203204,31,22,25,16,6
4.712712712712713,31,22,25,16,6
4.722222222222222,31,22,25,16,6
4.731731731731732,31,22,25,16,6
4.741241241241242,31,22,25,16,6
4.750750750750751,31,22,25,16,6
4.76026026026026,31,22,25,16,6
4.76976976976977,31,22,25,16,6
4.7792792792792795,31,21,25,15,6
4.788788788788789,31,21,25,15,6
4.798298298298299,31,21,25,15,6
4.807807807807809,31,21,25,15,6
4.817317317317317,31,21,25,15,6
4.826826826826827,31,20,25,14,6
4.836336336336337,31,20,25,14,6
4.845845845845846,30,20,24,14,6
4.855355355355356,30,20,24,14,6
4.864864864864865,30,20,24,14,6
4.874374374374375,30,20,24,14,6
4.883883883883884,30,20,24,14,6
4.893393393393394,30,20,24,14,6
4.902902902902904,30,20,24,14,6
4.912412412412412,30,20,24,14,6
4.921921921921922,30,20,24,14,6
4.931431431431432,30,20,24,14,6
4.9409409409409415,30,19,24,13,6
4.950450450450451,30,19,24,13,6
4.95995995995996,30,19,24,13,6
4.96946946946947,30,19,24,13,6
4.978978978978979,29,19,24,14,5
4.988488488488489,29,19,24,14,5
4.997997997997999,29,19,24,14,5
5.0075075075075075,29,19,24,14,5
5.017017017017017,29,19,24,14,5
5.026526526526527,29,19,24,14,5
5.036036036036037,29,19,24,14,5
5.045545545545546,29,19,24,14,5
5.055055055055055,28,19,23,14,5
5.064564564564565,28,19,23,14,5
5.074074074074074,28,19,23,14,5
5.083583583583584,28,19,23,14,5
5.093093093093094,28,19,23,14,5
5.102602602602603,28,19,23,14,5
5.112112112112112,28,19,23,14,5
5.121621621621622,28,19,23,14,5
5.131131131131132,28,19,23,14,5
5.140640640640641,28,19,23,14,5
5.15015015015015,28,19,23,14,5
5.15965965965966,28,19,23,14,5
5.1691691691691695,28,19,23,14,5
5.178678678678679,28,19,23,14,5
5.188188188188189,28,19,23,14,5
5.1976976976976985,28,19,23,14,5
5.207207207207207,28,19,23,14,5
5.216716716716717,28,19,23,14,5
5.226226226226227,28,19,23,14,5
5.235735735735736,28,19,23,14,5
5.245245245245246,28,19,23,14,5
5.254754754754755,28,19,23,14,5
5.2642642642642645,28,19,23,14,5
5.273773773773774,28,19,23,14,5
5.283283283283284,28,19,23,14,5
5.292792792792794,28,19,23,14,5
5.302302302302302,28,19,23,14,5
5.311811811811812,28,19,23,14,5
5.321321321321322,28,19,23,14,5
5.330830830830831,28,19,23,14,5
5.340340340340341,28,19,23,14,5
5.34984984984985,28,19,23,14,5
5.35935935935936,28,19,23,14,5
5.368868868868869,28,19,23,14,5
5.378378378378379,28,19,23,14,5
5.387887887887889,28,19,23,14,5
5.397397397397397,28,19,23,14,5
5.406906906906907,28,19,23,14,5
5.416416416416417,28,19,23,14,5
5.4259259259259265,28,19,23,14,5
5.435435435435436,28,19,23,14,5
5.444944944944945,28,19,23,14,5
5.454454454454455,28,19,23,14,5
5.463963963963964,28,19,23,14,5
5.473473473473474,28,19,23,14,5
5.482982982982984,28,19,23,14,5
5.4924924924924925,28,19,23,14,5
5.502002002002002,28,19,23,14,5
5.511511511511512,28,19,23,14,5
5.5210210210210215,28,19,23,14,5
5.530530530530531,28,19,23,14,5
5.54004004004004,28,19,23,14,5
5.54954954954955,28,19,23,14,5
5.559059059059059,28,19,23,14,5
5.568568568568569,28,19,23,14,5
5.578078078078079,28,19,23,14,5
5.5875875875875884,28,19,23,14,5
5.597097097097097,28,18,23,13,5
5.606606606606607,28,17,23,12,5
5.616116116116117,28,16,23,11,5
5.625625625625626,27,15,22,10,5
5.635135135135136,27,15,22,10,5
5.644644644644645,27,15,22,10,5
5.6541541541541545,27,15,22,10,5
5.663663663663664,27,15,22,10,5
5.673173173173174,27,15,22,10,5
5.6826826826826835,27,15,22,10,5
5.692192192192192,27,15,22,10,5
5.701701701701702,27,15,22,10,5
5.711211211211212,27,15,22,10,5
5.720720720720721,27,14,22,9,5
5.730230230230231,27,14,22,9,5
5.73973973973974,27,14,22,9,5
5.7492492492492495,27,14,22,9,5
5.758758758758759,27,14,22,9,5
5.768268268268269,27,14,22,9,5
5.777777777777779,27,14,22,9,5
5.787287287287287,27,13,22,8,5
5.796796796796797,27,13,22,8,5
5.806306306306307,27,13,22,8,5
5.815815815815816,27,13,22,8,5
5.825325325325326,27,13,22,8,5
5.834834834834835,27,13,22,8,5
5.844344344344345,27,13,22,8,5
5.853853853853854,27,13,22,8,5
5.863363363363364,27,13,22,8,5
5.872872872872874,27,13,22,8,5
5.882382382382382,27,13,22,8,5
5.891891891891892,27,13,22,8,5
5.901401401401402,27,13,22,8,5
5.9109109109109115,27,13,22,8,5
5.920420420420421,27,13,22,8,5
5.92992992992993,27,13,22,8,5
5.93943943943944,27,13,22,8,5
5.948948948948949,27,13,22,8,5
5.958458458458459,27,13,22,8,5
5.967967967967969,27,13,22,8,5
5.977477477477478,27,13,22,8,5
5.986986986986987,27,13,22,8,5
5.996496496496497,26,13,21,8,5
6.0060060060060065,26,13,21,8,5
6.015515515515516,26,13,21,8,5
6.025025025025026,26,13,21,8,5
6.034534534534535,26,13,21,8,5
6.044044044044044,26,13,21,8,5
6.053553553553554,26,13,21,8,5
6.063063063063064,26,12,21,7,5
6.072572572572573,26,12,21,7,5
6.082082082082082,26,12,21,7,5
6.091591591591592,26,12,21,7,5
6.101101101101102,26,12,21,7,5
6.110610610610611,26,12,21,7,5
6.120120120120121,26,12,21,7,5
6.12962962962963,26,12,21,7,5
6.1391391391391394,25,12,20,7,5
6.148648648648649,25,12,20,7,5
6.158158158158159,25,12,20,7,5
6.1676676676676685,25,12,20,7,5
6.177177177177177,25,12,20,7,5
6.186686686686687,25,12,20,7,5
6.196196196196197,25,12,20,7,5
6.205705705705706,25,12,20,7,5
6.215215215215216,25,12,20,7,5
6.224724724724725,25,12,20,7,5
6.2342342342342345,25,12,20,7,5
6.243743743743744,25,12,20,7,5
6.253253253253254,25,12,20,7,5
6.262762762762764,24,12,20,8,4
6.272272272272272,24,12,20,8,4
6.281781781781782,24,12,20,8,4
6.291291291291292,24,12,20,8,4
6.300800800800801,23,12,19,8,4
6.310310310310311,23,12,19,8,4
6.31981981981982,23,12,19,8,4
6.32932932932933,23,12,19,8,4
6.338838838838839,23,12,19,8,4
6.348348348348349,23,12,19,8,4
6.357857857857859,23,12,19,8,4
6.367367367367367,23,12,19,8,4
6.376876876876877,23,12,19,8,4
6.386386386386387,23,12,19,8,4
6.3958958958958965,23,12,19,8,4
6.405405405405406,23,12,19,8,4
6.414914914914916,23,12,19,8,4
6.424424424424425,23,12,19,8,4
6.433933933933934,23,12,19,8,4
6.443443443443444,23,12,19,8,4
6.452952952952954,23,12,19,8,4
6.462462462462463,23,12,19,8,4
6.471971971971972,23,12,19,8,4
6.481481481481482,23,12,19,8,4
6.4909909909909915,23,12,19,8,4
6.500500500500501,23,12,19,8,4
6.510010010010011,23,12,19,8,4
6.51951951951952,23,12,19,8,4
6.529029029029029,23,12,19,8,4
6.538538538538539,22,12,18,8,4
6.548048048048049,22,12,18,8,4
6.557557557557558,21,12,17,8,4
6.567067067067067,21,12,17,8,4
6.576576576576577,20,12,16,8,4
6.586086086086087,20,12,16,8,4
6.595595595595596,20,12,16,8,4
6.605105105105106,20,12,16,8,4
6.614614614614615,20,12,16,8,4
6.624124124124124,20,12,16,8,4
6.633633633633634,20,12,16,8,4
6.643143143143144,20,12,16,8,4
6.6526526526526535,20,12,16,8,4
6.662162162162162,20,12,16,8,4
6.671671671671672,20,12,16,8,4
6.681181181181182,20,12,16,8,4
6.690690690690691,20,12,16,8,4
6.700200200200201,20,12,16,8,4
6.70970970970971,20,12,16,8,4
6.7192192192192195,20,12,16,8,4
6.728728728728729,20,12,16,8,4
6.738238238238239,20,12,16,8,4
6.7477477477477485,20,12,16,8,4
6.757257257257257,20,12,16,8,4
6.766766766766767,20,12,16,8,4
6.776276276276277,20,12,16,8,4
6.785785785785786,20,12,16,8,4
6.795295295295296,20,12,16,8,4
6.804804804804806,20,12,16,8,4
6.814314314314315,20,12,16,8,4
6.823823823823824,20,12,16,8,4
6.833333333333334,20,12,16,8,4
6.842842842842844,20,12,16,8,4
6.852352352352353,20,12,16,8,4
6.861861861861862,20,12,16,8,4
6.871371371371372,20,12,16,8,4
6.8808808808808815,20,12,16,8,4
6.890390390390391,20,12,16,8,4
6.899899899899901,20,12,16,8,4
6.90940940940941,20,12,16,8,4
6.918918918918919,20,12,16,8,4
6.928428428428429,20,12,16,8,4
6.937937937937939,20,12,16,8,4
6.947447447447448,20,12,16,8,4
6.956956956956957,20,12,16,8,4
6.966466466466467,20,12,16,8,4
6.9759759759759765,20,12,16,8,4
6.985485485485486,20,12,16,8,4
6.994994994994996,19,12,15,8,4
7.004504504504505,19,12,15,8,4
7.014014014014014,19,12,15,8,4
7.023523523523524,19,12,15,8,4
7.033033033033034,19,12,15,8,4
7.042542542542543,19,12,15,8,4
7.052052052052052,19,12,15,8,4
7.061561561561562,19,12,15,8,4
7.071071071071072,19,12,15,8,4
7.080580580580581,19,12,15,8,4
7.090090090090091,19,12,15,8,4
7.0995995995996,19,12,15,8,4
7.109109109109109,19,12,15,8,4
7.118618618618619,19,12,15,8,4
7.128128128128129,19,12,15,8,4
7.1376376376376385,19,12,15,8,4
7.147147147147147,19,12,15,8,4
7.156656656656657,19,12,15,8,4
7.166166166166167,19,12,15,8,4
7.175675675675676,19,12,15,8,4
7.185185185185186,19,12,15,8,4
7.194694694694695,19,12,15,8,4
7.2042042042042045,19,12,15,8,4
7.213713713713714,19,12,15,8,4
7.223223223223224,19,12,15,8,4
7.2327327327327335,19,12,15,8,4
7.242242242242243,19,12,15,8,4
7.251751751751752,19,12,15,8,4
7.261261261261262,19,12,15,8,4
7.270770770770771,19,12,15,8,4
7.280280280280281,19,12,15,8,4
7.289789789789791,19,12,15,8,4
7.2992992992992995,19,12,15,8,4
7.308808808808809,19,12,15,8,4
7.318318318318319,19,12,15,8,4
7.327827827827829,19,12,15,8,4
7.337337337337338,19,12,15,8,4
7.346846846846847,19,12,15,8,4
7.356356356356357,19,12,15,8,4
7.3658658658658664,19,12,15,8,4
7.375375375375376,19,12,15,8,4
7.384884884884886,19,12,15,8,4
7.394394394394395,19,12,15,8,4
7.403903903903904,19,12,15,8,4
7.413413413413414,19,12,15,8,4
7.422922922922924,19,12,15,8,4
7.432432432432433,19,12,15,8,4
7.441941941941942,19,11,15,7,4
7.451451451451452,19,11,15,7,4
7.4609609609609615,19,11,15,7,4
7.470470470470471,19,11,15,7,4
7.479979979979981,19,11,15,7,4
7.48948948948949,19,11,15,7,4
7.498998998998999,19,11,15,7,4
7.508508508508509,19,11,15,7,4
7.518018018018019,19,11,15,7,4
7.527527527527528,19,11,15,7,4
7.537037037037037,19,11,15,7,4
7.546546546546547,19,11,15,7,4
7.556056056056057,19,11,15,7,4
7.565565565565566,19,11,15,7,4
7.575075075075076,19,11,15,7,4
7.584584584584585,19,11,15,7,4
7.594094094094094,19,11,15,7,4
7.603603603603604,19,11,15,7,4
7.613113113113114,18,11,15,8,3
7.6226226226226235,18,11,15,8,3
7.632132132132133,18,11,15,8,3
7.641641641641642,18,11,15,8,3
7.651151151151152,18,11,15,8,3
7.660660660660661,18,11,15,8,3
7.670170170170171,18,11,15,8,3
7.679679679679681,18,11,15,8,3
7.6891891891891895,18,11,15,8,3
7.698698698698699,18,11,15,8,3
7.708208208208209,18,11,15,8,3
7.7177177177177185,18,11,15,8,3
7.727227227227228,18,11,15,8,3
7.736736736736737,18,11,15,8,3
7.746246246246247,18,11,15,8,3
7.755755755755756,18,11,15,8,3
7.765265265265266,18,11,15,8,3
7.774774774774776,18,10,15,7,3
7.7842842842842845,18,10,15,7,3
7.793793793793794,18,10,15,7,3
7.803303303303304,18,10,15,7,3
7.812812812812814,18,10,15,7,3
7.822322322322323,18,10,15,7,3
7.831831831831832,18,10,15,7,3
7.841341341341342,18,10,15,7,3
7.850850850850851,18,10,15,7,3
7.860360360360361,18,10,15,7,3
7.869869869869871,17,10,14,7,3
7.87937937937938,17,10,14,7,3
7.888888888888889,17,10,14,7,3
7.898398398398399,17,10,14,7,3
7.907907907907909,17,10,14,7,3
7.917417417417418,17,10,14,7,3
7.926926926926927,17,10,14,7,3
7.936436436436437,17,10,14,7,3
7.9459459459459465,17,10,14,7,3
7.955455455455456,17,10,14,7,3
7.964964964964966,17,10,14,7,3
7.974474474474475,17,10,14,7,3
7.983983983983984,17,10,14,7,3
7.993493493493494,17,10,14,7,3
8.003003003003004,17,10,14,7,3
8.012512512512513,17,10,14,7,3
8.022022022022023,17,10,14,7,3
8.031531531531531,17,10,14,7,3
8.04104104104104,17,10,14,7,3
8.05055055055055,17,10,14,7,3
8.06006006006006,16,10,13,7,3
8.06956956956957,16,10,13,7,3
8.07907907907908,16,10,13,7,3
8.088588588588589,16,10,13,7,3
8.098098098098099,16,10,13,7,3
8.107607607607608,16,10,13,7,3
8.117117117117118,16,10,13,7,3
8.126626626626628,16,10,13,7,3
8.136136136136138,16,10,13,7,3
8.145645645645647,16,10,13,7,3
8.155155155155157,15,10,12,7,3
8.164664664664667,15,10,12,7,3
8.174174174174174,15,10,12,7,3
8.183683683683684,15,10,12,7,3
8.193193193193194,15,10,12,7,3
8.202702702702704,15,10,12,7,3
8.212212212212213,15,10,12,7,3
8.221721721721721,15,10,12,7,3
8.23123123123123,15,10,12,7,3
8.24074074074074,15,10,12,7,3
8.25025025025025,15,10,12,7,3
8.25975975975976,15,10,12,7,3
8.26926926926927,15,10,12,7,3
8.27877877877878,15,10,12,7,3
8.288288288288289,15,10,12,7,3
8.297797797797799,15,10,12,7,3
8.307307307307308,15,9,12,6,3
8.316816816816818,15,9,12,6,3
8.326326326326328,15,9,12,6,3
8.335835835835837,15,9,12,6,3
8.345345345345347,15,9,12,6,3
8.354854854854857,15,9,12,6,3
8.364364364364365,15,9,12,6,3
8.373873873873874,15,9,12,6,3
8.383383383383384,15,9,12,6,3
8.392892892892894,15,9,12,6,3
8.402402402402403,15,9,12,6,3
8.411911911911913,15,9,12,6,3
8.421421421421421,14,9,11,6,3
8.43093093093093,14,9,11,6,3
8.44044044044044,14,9,11,6,3
8.44994994994995,14,8,11,5,3
8.45945945945946,14,8,11,5,3
8.46896896896897,14,8,11,5,3
8.478478478478479,14,8,11,5,3
8.487987987987989,14,8,11,5,3
8.497497497497498,14,8,11,5,3
8.507007007007008,14,8,11,5,3
8.516516516516518,14,8,11,5,3
8.526026026026027,14,8,11,5,3
8.535535535535535,14,8,11,5,3
8.545045045045045,14,8,11,5,3
8.554554554554555,14,8,11,5,3
8.564064064064064,14,8,11,5,3
8.573573573573574,14,8,11,5,3
8.583083083083084,14,8,11,5,3
8.592592592592593,14,8,11,5,3
8.602102102102103,14,8,11,5,3
8.611611611611613,14,8,11,5,3
8.621121121121122,14,8,11,5,3
8.630630630630632,14,8,11,5,3
8.64014014014014,14,8,11,5,3
8.64964964964965,14,8,11,5,3
8.65915915915916,14,8,11,5,3
8.66866866866867,14,8,11,5,3
8.678178178178179,14,8,11,5,3
8.687687687687689,14,8,11,5,3
8.697197197197198,14,8,11,5,3
8.706706706706708,14,8,11,5,3
8.716216216216218,14,8,11,5,3
8.725725725725727,14,8,11,5,3
8.735235235235235,14,8,11,5,3
8.744744744744745,14,8,11,5,3
8.754254254254255,14,8,11,5,3
8.763763763763764,14,8,11,5,3
8.773273273273274,14,8,11,5,3
8.782782782782784,14,8,11,5,3
8.792292292292293,14,8,11,5,3
8.801801801801803,14,8,11,5,3
8.811311311311313,14,8,11,5,3
8.820820820820822,14,8,11,5,3
8.83033033033033,14,8,11,5,3
8.83983983983984,14,8,11,5,3
8.84934934934935,14,8,11,5,3
8.85885885885886,14,8,11,5,3
8.868368368368369,14,8,11,5,3
8.877877877877879,14,8,11,5,3
8.887387387387388,14,8,11,5,3
8.896896896896898,14,8,11,5,3
8.906406406406408,14,8,11,5,3
8.915915915915917,14,8,11,5,3
8.925425425425425,14,8,11,5,3
8.934934934934935,14,8,11,5,3
8.944444444444445,14,8,11,5,3
8.953953953953954,14,8,11,5,3
8.963463463463464,14,8,11,5,3
8.972972972972974,13,8,10,5,3
8.982482482482483,13,8,10,5,3
8.991991991991993,13,8,10,5,3
9.001501501501503,13,8,10,5,3
9.011011011011012,13,8,10,5,3
9.02052052052052,13,8,10,5,3
9.03003003003003,13,8,10,5,3
9.03953953953954,13,8,10,5,3
9.04904904904905,13,8,10,5,3
9.058558558558559,13,8,10,5,3
9.068068068068069,13,8,10,5,3
9.077577577577578,13,8,10,5,3
9.087087087087088,13,8,10,5,3
9.096596596596598,13,8,10,5,3
9.106106106106107,13,8,10,5,3
9.115615615615617,13,8,10,5,3
9.125125125125125,13,8,10,5,3
9.134634634634635,13,8,10,5,3
9.144144144144144,13,8,10,5,3
9.153653653653654,13,8,10,5,3
9.163163163163164,13,8,10,5,3
9.172672672672673,13,8,10,5,3
9.182182182182183,13,8,10,5,3
9.191691691691693,13,8,10,5,3
9.201201201201203,13,8,10,5,3
9.210710710710712,13,8,10,5,3
9.22022022022022,13,8,10,5,3
9.22972972972973,13,8,10,5,3
9.23923923923924,13,8,10,5,3
9.24874874874875,13,8,10,5,3
9.258258258258259,13,8,10,5,3
9.267767767767769,13,8,10,5,3
9.277277277277278,13,8,10,5,3
9.286786786786788,13,8,10,5,3
9.296296296296298,13,8,10,5,3
9.305805805805807,13,8,10,5,3
9.315315315315315,12,8,9,5,3
9.324824824824825,12,8,9,5,3
9.334334334334335,12,8,9,5,3
9.343843843843844,12,8,9,5,3
9.353353353353354,12,8,9,5,3
9.362862862862864,12,8,9,5,3
9.372372372372373,12,8,9,5,3
9.381881881881883,12,8,9,5,3
9.391391391391393,12,8,9,5,3
9.400900900900902,12,8,9,5,3
9.41041041041041,11,8,8,5,3
9.41991991991992,11,8,8,5,3
9.42942942942943,11,8,8,5,3
9.43893893893894,10,8,8,6,2
9.448448448448449,10,8,8,6,2
9.457957957957959,10,8,8,6,2
9.467467467467468,10,8,8,6,2
9.476976976976978,10,8,8,6,2
9.486486486486488,10,8,8,6,2
9.495995995995997,10,8,8,6,2
9.505505505505507,10,8,8,6,2
9.515015015015015,10,8,8,6,2
9.524524524524525,10,8,8,6,2
9.534034034034034,10,8,8,6,2
9.543543543543544,10,8,8,6,2
9.553053053053054,10,8,8,6,2
9.562562562562563,10,8,8,6,2
9.572072072072073,10,8,8,6,2
9.581581581581583,10,8,8,6,2
9.591091091091092,10,8,8,6,2
9.600600600600602,10,8,8,6,2
9.61011011011011,10,8,8,6,2
9.61961961961962,10,8,8,6,2
9.62912912912913,10,8,8,6,2
9.63863863863864,10,8,8,6,2
9.648148148148149,10,8,8,6,2
9.657657657657658,10,8,8,6,2
9.667167167167168,10,8,8,6,2
9.676676676676678,10,8,8,6,2
9.686186186186188,10,8,8,6,2
9.695695695695697,10,8,8,6,2
9.705205205205205,10,8,8,6,2
9.714714714714715,10,8,8,6,2
9.724224224224224,10,8,8,6,2
9.733733733733734,10,8,8,6,2
9.743243243243244,10,8,8,6,2
9.752752752752754,10,8,8,6,2
9.762262262262263,10,7,8,5,2
9.771771771771773,10,7,8,5,2
9.781281281281283,10,7,8,5,2
9.790790790790792,10,7,8,5,2
9.8003003003003,10,7,8,5,2
9.80980980980981,10,7,8,5,2
9.81931931931932,10,7,8,5,2
9.82882882882883,10,7,8,5,2
9.838338338338339,10,7,8,5,2
9.847847847847849,10,7,8,5,2
9.857357357357358,10,7,8,5,2
9.866866866866868,10,7,8,5,2
9.876376376376378,10,7,8,5,2
9.885885885885887,10,7,8,5,2
9.895395395395397,10,7,8,5,2
9.904904904904905,10,7,8,5,2
9.914414414414415,10,7,8,5,2
9.923923923923924,10,7,8,5,2
9.933433433433434,10,7,8,5,2
9.942942942942944,10,7,8,5,2
9.952452452452453,10,7,8,5,2
9.961961961961963,10,7,8,5,2
9.971471471471473,10,7,8,5,2
9.980980980980982,10,7,8,5,2
9.990490490490492,10,7,8,5,2
10.0,10,7,8,5,2
