pathway,num_genes,member_genes,max_lrt,peak_bin,circ_mean_hour,circ_std_hour,peak_hour
REACTOME_REGULATION_OF_CHOLESTEROL_BIOSYNTHESIS_BY_SREBP_SREBF,12,Idi1;Srebf1;Fdft1;Sqle;Sc5d;Hmgcs1;Hmgcr;Fdps;Pmvk;Mvd;Fasn;Insig1,9.0,10,20.333683194175997,1.0954138973135503,21.0
REACTOME_ACTIVATION_OF_GENE_EXPRESSION_BY_SREBF_SREBP,11,Idi1;Srebf1;Fdft1;Sqle;Sc5d;Hmgcs1;Hmgcr;Fdps;Pmvk;Mvd;Fasn,8.727272727272728,10,20.252635981640204,1.1111677228475116,21.0
REACTOME_SIGNALING_BY_THE_B_CELL_RECEPTOR_BCR,6,Nfkbia;Psmd9;Itpr2;Nfatc1;Pik3r1;Ubc,8.0,5,10.850255369733134,5.218569266395498,11.0
REACTOME_FC_EPSILON_RECEPTOR_FCERI_SIGNALING,6,Nfkbia;Psmd9;Itpr2;Nfatc1;Pik3r1;Ubc,8.0,5,10.850255369733134,5.218569266395498,11.0
REACTOME_M_PHASE,8,Dync1i2;Psmd9;Fbxo5;Tuba1b;Smc2;Ubc;Chmp4c;Sfi1,7.5,8,16.431352056314633,3.826889167369811,17.0
REACTOME_TRANSLATION,8,Lars2;Mrpl43;Aimp2;Mrpl27;Mrps26;Eif4a1;Rps21;Mrps6,7.5,5,10.365903633478531,5.736680368319385,11.0
REACTOME_GLYCEROPHOSPHOLIPID_BIOSYNTHESIS,7,Agpat4;Dgat2;Pitpnm2;Gpcpd1;Lpcat4;Pnpla2;Pcyt2,6.857142857142857,5,11.563712504161243,3.2439718291949777,11.0
REACTOME_METABOLISM_OF_STEROIDS,20,Msmo1;Idi1;Osbpl3;Srebf1;Fdft1;Sqle;Sc5d;Hmgcs1;Hmgcr;Dhcr24;Stard3;Hsd17b7;Cyp39a1;Ebp;Fdps;Pmvk;Stard4;Mvd;Fasn;Insig1,6.6000000000000005,10,20.099982971460424,2.8436576584848243,21.0
REACTOME_CHOLESTEROL_BIOSYNTHESIS,13,Msmo1;Idi1;Fdft1;Sqle;Sc5d;Hmgcs1;Hmgcr;Dhcr24;Hsd17b7;Ebp;Fdps;Pmvk;Mvd,6.461538461538462,10,19.902733296395027,1.7582759078955021,21.0
REACTOME_NEUTROPHIL_DEGRANULATION,16,Enpp4;Hebp2;Cmtm6;Magt1;Crispld2;Manba;Stbd1;Actr10;Tlr2;Sdcbp;Aldoa;Pdxk;Cd14;Lrg1;Pgam1;Atp6v0c,6.0,6,12.513294585202901,3.574916017653659,13.0
REACTOME_ADORA2B_MEDIATED_ANTI_INFLAMMATORY_CYTOKINES_PRODUCTION,6,Adrb1;Pthlh;Crhr2;Adcy7;Tshr;Gng10,6.0,5,12.805217837415357,2.0265225616738363,11.0
REACTOME_RAC3_GTPASE_CYCLE,6,Fermt2;Wasf1;Stbd1;Dock10;Pik3r1;Baiap2,6.0,6,14.647232080122535,4.617141098961264,13.0
REACTOME_MITOTIC_METAPHASE_AND_ANAPHASE,6,Dync1i2;Psmd9;Fbxo5;Tuba1b;Ubc;Chmp4c,6.0,8,16.060222168408306,4.603693369407731,17.0
REACTOME_CILIUM_ASSEMBLY,6,Pkd1;Dync1i2;Tuba1b;Bbs5;Sfi1;Cys1,6.0,8,15.934275218247137,1.8416257019117512,17.0
REACTOME_SYNTHESIS_OF_DNA,6,Mcm5;Rpa3;Psmd9;Cdk2;Rpa1;Ubc,6.0,5,12.484891178754044,4.081250778573934,11.0
REACTOME_APOPTOSIS,9,Fas;Dapk2;Bmf;Psmd9;Stk26;Nmt1;Ubc;Cd14;Dapk1,5.333333333333333,0,22.165697283281133,5.870026204128435,1.0
REACTOME_BMAL1_CLOCK_NPAS2_ACTIVATES_CIRCADIAN_GENE_EXPRESSION,9,Dbp;Nampt;Serpine1;Bhlhe41;Arntl;Bhlhe40;Clock;Klf15;Npas2,5.333333333333333,5,8.540113936703944,5.55740596857164,11.0
REACTOME_OPIOID_SIGNALLING,7,Camk2b;Adcy7;Itpr2;Ppp1r1b;Plcb1;Pde4b;Gng10,5.142857142857143,5,10.441244467566905,5.601401487534693,11.0
REACTOME_CA2_PATHWAY,7,Wnt5a;Itpr2;Nfatc1;Myc;Fzd4;Plcb1;Gng10,5.142857142857143,5,12.095653853942684,4.351199922811235,11.0
REACTOME_SIGNALING_BY_ROBO_RECEPTORS,7,Nrp1;Pfn1;Psmd9;Ubc;Rps21;Akap5;Srgap3,5.142857142857143,0,0.20776928888432356,6.448801547927518,1.0
REACTOME_STIMULI_SENSING_CHANNELS,7,Mcoln1;Sgk1;Ano1;Casq1;Ubc;Tsc22d3;Asph,5.142857142857143,4,9.636491197467135,5.739543805683342,9.0
REACTOME_DNA_REPLICATION_PRE_INITIATION,7,Mcm5;Rpa3;Psmd9;Gmnn;Cdk2;Rpa1;Ubc,5.142857142857143,5,12.834130917993036,3.746476000005033,11.0
REACTOME_DNA_DOUBLE_STRAND_BREAK_REPAIR,7,Baz1b;Rpa3;Cdk2;Rpa1;Mdc1;Ubc;Ubxn1,5.142857142857143,5,15.153713458712744,6.205389090457661,11.0
REACTOME_DNA_REPLICATION,7,Mcm5;Rpa3;Psmd9;Gmnn;Cdk2;Rpa1;Ubc,5.142857142857143,5,12.834130917993036,3.746476000005033,11.0
REACTOME_DNA_REPAIR,7,Baz1b;Rpa3;Cdk2;Rpa1;Mdc1;Ubc;Ubxn1,5.142857142857143,5,15.153713458712744,6.205389090457661,11.0
REACTOME_NEDDYLATION,12,Asb2;Zbtb16;Psmd9;Fbxo30;Socs2;Fem1c;Asb10;Ubc;Asb5;Commd8;Spsb1;Fbxl22,5.000000000000001,0,7.175920297440591,6.742379979885664,1.0
REACTOME_SIGNALING_BY_NTRKS,10,Gab1;Mapkapk3;Id3;F3;Sgk1;Id1;Ntrk3;Pik3r1;Rrad;Mapk12,4.800000000000001,5,11.531928696584245,4.833327710496634,11.0
REACTOME_DEGRADATION_OF_THE_EXTRACELLULAR_MATRIX,13,Eln;Col23a1;Timp1;Mmp15;Adamts8;Scube3;Adamts1;Mmp14;Acan;Adamts9;Col14a1;Col15a1;Col6a6,4.615384615384616,8,14.32666008329958,8.023131956030062,17.0
REACTOME_ANTIGEN_PROCESSING_UBIQUITINATION_PROTEASOME_DEGRADATION,13,Asb2;Zbtb16;Psmd9;Fbxo30;Ube2g1;Herc6;Asb10;Ubc;Lonrf1;Sh3rf1;Asb5;Spsb1;Fbxl22,4.615384615384616,5,9.566095758125375,6.667582190100704,11.0
REACTOME_DEUBIQUITINATION,8,Nfkbia;Smad7;Tgfb1;Psmd9;Myc;Il33;Ubc;Tgfbr2,4.5,5,10.096244446698073,4.40678579691187,11.0
REACTOME_G_ALPHA_S_SIGNALLING_EVENTS,8,Adrb1;Pthlh;Crhr2;Adcy7;Tshr;Pde3a;Grk5;Gng10,4.5,5,12.108553476259829,4.674311451477217,11.0
REACTOME_G2_M_CHECKPOINTS,8,Mcm5;Rpa3;Psmd9;Cdk2;Rpa1;Mdc1;Ubc;Wee1,4.5,5,13.338013778579525,4.735182577455792,11.0
REACTOME_THE_CITRIC_ACID_TCA_CYCLE_AND_RESPIRATORY_ELECTRON_TRANSPORT,8,Pdk4;Mpc1;Gstz1;Slc25a14;Coq10b;Slc16a1;Ndufv3;Idh2,4.5,5,11.336018979903148,3.2329126945360622,11.0
REACTOME_FATTY_ACID_METABOLISM,8,Ptgs2;Slc25a17;Cpt1a;Cyp1b1;Cyp2u1;Dbi;Acaa2;Fasn,4.5,6,11.206766933316013,6.752024841664614,13.0
REACTOME_PHASE_I_FUNCTIONALIZATION_OF_COMPOUNDS,8,Cyp26b1;Fmo3;Fmo1;Fmo2;Cyp1b1;Ephx1;Cyp39a1;Cyp2u1,4.5,7,15.011429016964488,3.511825106377797,15.0
REACTOME_METABOLISM_OF_WATER_SOLUBLE_VITAMINS_AND_COFACTORS,11,Mthfd2;Ptgs2;Mthfd1;Nampt;Mthfd1l;Mmab;Gsto1;Nmnat2;Pdxk;Fasn;Mthfr,4.363636363636364,6,16.886723491801597,4.457687747742538,13.0
REACTOME_ION_CHANNEL_TRANSPORT,11,Camk2b;Mcoln1;Sgk1;Atp1b2;Ano1;Atp1b1;Casq1;Ubc;Tsc22d3;Atp6v0c;Asph,4.363636363636364,4,9.533790294726938,4.75088310773301,9.0
REACTOME_PHOSPHOLIPID_METABOLISM,11,Agpat4;Dgat2;Pitpnm2;Pik3r3;Gpcpd1;Pik3r1;Pip4k2a;Gdpd5;Lpcat4;Pnpla2;Pcyt2,4.363636363636364,5,12.942081241212556,6.819690894942083,11.0
REACTOME_L1CAM_INTERACTIONS,9,Dpysl2;Nrp1;Tuba1b;Sdcbp;Itga9;Scn2b;Kcnq3;Itga1;Itgb3,4.0,8,18.560366255493975,4.201538259545252,17.0
REACTOME_SENSORY_PERCEPTION,9,Capzb;Ppef1;Ldlr;Nmt1;Scn2b;Dhrs3;Cacnb2;Lpl;Pclo,4.0,8,19.63395066811885,4.461679422422604,17.0
REACTOME_G_ALPHA_I_SIGNALLING_EVENTS,9,Camk2b;Adcy7;Itpr2;Ppp1r1b;Pf4;Npy1r;Plcb1;Pde4b;Gng10,4.0,5,12.542072670179632,5.2127615357923185,11.0
REACTOME_HSP90_CHAPERONE_CYCLE_FOR_STEROID_HORMONE_RECEPTORS_SHR_IN_THE_PRESENCE_OF_LIGAND,6,Dync1i2;Capzb;Fkbp5;Tuba1b;Actr10;Stip1,4.0,6,14.838824663041256,3.3566494398988427,13.0
REACTOME_INTRA_GOLGI_AND_RETROGRADE_GOLGI_TO_ER_TRAFFIC,6,Dync1i2;Capzb;Arfrp1;Tuba1b;Actr10;Rab6b,4.0,8,15.390177948091102,2.8883264509486217,17.0
REACTOME_METABOLISM_OF_NUCLEOTIDES,6,Upp2;Upb1;Umps;Nt5c;Ak4;Glrx,4.0,7,13.165488147530041,5.510704584192562,15.0
REACTOME_UB_SPECIFIC_PROCESSING_PROTEASES,6,Nfkbia;Smad7;Psmd9;Myc;Il33;Ubc,4.0,5,9.417600195698668,5.35870466963039,11.0
REACTOME_TRANSCRIPTIONAL_REGULATION_BY_RUNX1,6,Smarcd2;Psmd9;Sin3b;Rspo3;Ubc;Pf4,4.0,5,12.781677336611434,4.0097637629786105,11.0
REACTOME_EGFR_DOWNREGULATION,6,Hbegf;Ereg;Spry2;Ubc;Spry1;Btc,4.0,0,23.157643838182363,4.315410748534927,1.0
REACTOME_ION_HOMEOSTASIS,9,Camk2b;Slc8a3;Itpr2;Atp1b2;Tnni3;Atp1b1;Casq1;Slc8a1;Asph,4.0,1,7.867267673940946,3.3084214283030433,3.0
REACTOME_BETA_CATENIN_INDEPENDENT_WNT_SIGNALING,12,Daam1;Pfn1;Psmd9;Wnt5a;Itpr2;Nfatc1;Myc;Ubc;Wnt4;Fzd4;Plcb1;Gng10,4.0,5,9.846603765940388,6.181424472108801,11.0
REACTOME_PROGRAMMED_CELL_DEATH,12,Fas;Dapk2;Bmf;Psmd9;Stk26;Nmt1;Sdcbp;Ubc;Chmp4c;Cd14;Dapk1;Peli1,4.0,0,18.759733057004766,6.797998520588656,1.0
REACTOME_SIGNALING_BY_ERBB2,6,Gab1;Hbegf;Ereg;Pik3r1;Ubc;Btc,4.0,9,21.8233814968513,4.493729016251713,19.0
REACTOME_CELL_JUNCTION_ORGANIZATION,6,Cdh3;Fermt2;Cdh18;Dst;Cdh2;Ang,4.0,0,23.632462391162218,5.272311916879519,1.0
REACTOME_TRANSCRIPTIONAL_REGULATION_BY_RUNX2,9,Dlx6;Dlx5;Psmd9;Hes1;Cdkn1a;Sox9;Hivep3;Ubc;Twist2,4.0,0,5.580656680000056,4.738276379644058,1.0
REACTOME_IRON_UPTAKE_AND_TRANSPORT,6,Hfe;Mcoln1;Steap3;Abcg2;Ubc;Atp6v0c,4.0,6,13.738195601357841,3.9978291950769824,13.0
REACTOME_TOLL_LIKE_RECEPTOR_TLR1_TLR2_CASCADE,6,Nfkbia;Mapkapk3;Tlr2;Ubc;Cd14;Peli1,4.0,5,12.642988479329901,3.7845310493746083,11.0
REACTOME_SENESCENCE_ASSOCIATED_SECRETORY_PHENOTYPE_SASP,6,Cdkn2c;Cdk2;Cdkn1a;Cdkn2b;Ubc;Cebpb,4.0,0,17.82106553994847,10.728236160332266,1.0
REACTOME_SIGNALING_BY_FGFR,9,Fgfr2;Hnrnpm;Gab1;Flrt1;Hnrnpa1;Spry2;Pik3r1;Ubc;Fgf16,4.0,9,16.7891449924362,5.191534552831439,19.0
REACTOME_ASSEMBLY_OF_COLLAGEN_FIBRILS_AND_OTHER_MULTIMERIC_STRUCTURES,6,Lox;Dst;Col14a1;Col27a1;Col15a1;Col6a6,4.0,4,6.505326861558397,6.959956298207064,9.0
REACTOME_DEATH_RECEPTOR_SIGNALLING,6,Fas;Ngef;Nfkbia;Arhgef19;Ubc;Net1,4.0,0,14.866106064138314,7.196179723944744,1.0
REACTOME_INTEGRIN_CELL_SURFACE_INTERACTIONS,6,Col23a1;Itga9;Jam2;Col6a6;Itga1;Itgb3,4.0,0,1.3893770193305655,5.363883415041456,1.0
REACTOME_SIGNALING_BY_ERBB4,6,Hbegf;Ereg;Pik3r1;Ubc;Btc;Gabrq,4.0,9,22.075880404823543,2.757144052301999,19.0
REACTOME_RHO_GTPASE_EFFECTORS,9,Dync1i2;Daam1;Pfn1;Wasf1;Tuba1b;Myh10;Rhoc;Baiap2;Prc1,4.0,8,14.13732509869962,6.703063281459286,17.0
REACTOME_FCGAMMA_RECEPTOR_FCGR_DEPENDENT_PHAGOCYTOSIS,6,Wasf1;Itpr2;Myo10;Pik3r1;Elmo1;Baiap2,4.0,6,13.416684496793788,5.058602893006656,13.0
REACTOME_COLLAGEN_DEGRADATION,6,Col23a1;Mmp15;Mmp14;Col14a1;Col15a1;Col6a6,4.0,3,7.456853898013891,4.331974486945947,7.0
REACTOME_CLASS_I_MHC_MEDIATED_ANTIGEN_PROCESSING_PRESENTATION,16,Hspa5;Asb2;Zbtb16;Psmd9;Fbxo30;Ube2g1;Tlr2;Herc6;Asb10;Ubc;Lonrf1;Sh3rf1;Asb5;Cd14;Spsb1;Fbxl22,3.75,5,11.68727186858493,6.858909851940142,11.0
REACTOME_METABOLISM_OF_VITAMINS_AND_COFACTORS,13,Mthfd2;Ptgs2;Mthfd1;Nampt;Mthfd1l;Ldlr;Mmab;Gsto1;Nmnat2;Pdxk;Fasn;Lpl;Mthfr,3.6923076923076925,6,17.194960619283318,4.228634875135786,13.0
REACTOME_INTERFERON_SIGNALING,10,Camk2b;Ip6k2;Mid1;Ifit3;Ifit2;Ifitm3;Ubc;Gbp5;Eif4a1;Ifi30,3.6,8,14.314347338205994,4.473307644686091,17.0
REACTOME_ESR_MEDIATED_SIGNALING,10,Fkbp5;Hbegf;Pik3r3;Foxo3;Ereg;Myc;Pik3r1;Btc;Sphk1;Gng10,3.6,1,4.260331192492805,8.305612430756728,3.0
REACTOME_UNFOLDED_PROTEIN_RESPONSE_UPR,10,Hspa5;Herpud1;Pdia5;Pdia6;Hyou1;Creb3l1;Atf3;Hsp90b1;Cebpb;Ddit3,3.6,10,20.659584442716202,4.609227458185622,21.0
REACTOME_CELL_CYCLE_CHECKPOINTS,10,Dync1i2;Mcm5;Rpa3;Psmd9;Cdk2;Cdkn1a;Rpa1;Mdc1;Ubc;Wee1,3.6,5,14.3707167136495,5.671513280445229,11.0
REACTOME_ORGANELLE_BIOGENESIS_AND_MAINTENANCE,10,Pkd1;Dync1i2;Tuba1b;Nr1d1;Chchd6;Bbs5;Idh2;Mapk12;Sfi1;Cys1,3.6,8,13.776060538148748,4.057389418772923,17.0
REACTOME_CIRCADIAN_CLOCK,17,Srebf1;Dbp;Nampt;Serpine1;Cpt1a;Bhlhe41;Nr1d1;Per2;Arntl;Bhlhe40;Clock;Sik1;Ubc;Klf15;Nfil3;Npas2;Per1,3.5294117647058827,5,7.123365067523256,6.3434715157506325,11.0
REACTOME_COLLAGEN_FORMATION,7,Col23a1;Lox;Dst;Col14a1;Col27a1;Col15a1;Col6a6,3.4285714285714284,3,6.886992741892189,5.8938844252349565,7.0
REACTOME_PROTEIN_PROTEIN_INTERACTIONS_AT_SYNAPSES,7,Homer2;Lrrc4b;Ntrk3;Ptprf;Ppfia4;Epb41;Lrrtm3,3.4285714285714284,5,13.290898760465627,5.893122914756033,11.0
REACTOME_VOLTAGE_GATED_POTASSIUM_CHANNELS,7,Kcnc4;Kcnb1;Kcnab1;Kcns3;Kcnd3;Kcna2;Kcnq3,3.4285714285714284,1,4.587147269277323,6.989998465139566,3.0
REACTOME_REGULATION_OF_INSULIN_SECRETION,7,Itpr2;Kcnb1;Cacnb2;Kcns3;Akap5;Plcb1;Gng10,3.4285714285714284,0,7.826360140117329,7.05190101394817,1.0
REACTOME_PHASE_II_CONJUGATION_OF_COMPOUNDS,7,Gstz1;Gsto1;Gsta4;Oplah;Sult1a1;Papss2;Gstt1,3.4285714285714284,8,14.467059758966009,3.681987209345103,17.0
REACTOME_PCP_CE_PATHWAY,7,Daam1;Pfn1;Psmd9;Wnt5a;Ubc;Wnt4;Fzd4,3.4285714285714284,0,9.03781573627523,7.539740574172182,1.0
REACTOME_CLASS_B_2_SECRETIN_FAMILY_RECEPTORS,7,Wnt16;Pthlh;Crhr2;Wnt5a;Wnt4;Fzd4;Gng10,3.4285714285714284,5,13.35482706943531,5.670738739760067,11.0
REACTOME_TRANSCRIPTIONAL_REGULATION_OF_WHITE_ADIPOCYTE_DIFFERENTIATION,7,Srebf1;Tgfb1;Klf4;Cebpb;Lpl;Slc2a4;Cebpd,3.4285714285714284,4,11.505928705857773,5.104471288104934,9.0
REACTOME_FACTORS_INVOLVED_IN_MEGAKARYOCYTE_DEVELOPMENT_AND_PLATELET_PRODUCTION,7,Capzb;Dock8;Cdk2;Tuba1b;Dock10;Dock5;Wee1,3.4285714285714284,5,14.168148543324211,2.5021622811877653,11.0
REACTOME_MHC_CLASS_II_ANTIGEN_PRESENTATION,7,Cd74;Dync1i2;Capzb;Lag3;Tuba1b;Actr10;Ifi30,3.4285714285714284,5,12.045889438026606,4.96012288819232,11.0
REACTOME_CHROMATIN_MODIFYING_ENZYMES,7,Mecom;Smarcd2;Hat1;Clock;Prdm16;Arid5b;Rbbp4,3.4285714285714284,0,17.694513168006168,5.113746676559861,1.0
REACTOME_CLASS_A_1_RHODOPSIN_LIKE_RECEPTORS,7,Adrb1;Htr2a;Ece1;Pf4;Npy1r;Tshr;Cck,3.4285714285714284,7,10.990246187980292,6.933124983440474,15.0
REACTOME_TOLL_LIKE_RECEPTOR_CASCADES,7,Nfkbia;Mapkapk3;Tlr2;Ubc;Hsp90b1;Cd14;Peli1,3.4285714285714284,5,13.077895393503894,5.231481357797507,11.0
REACTOME_SEMAPHORIN_INTERACTIONS,7,Plxnd1;Dpysl2;Nrp1;Sema5a;Myh10;Rhoc;Itga1,3.4285714285714284,0,1.5089466041983175,7.255508726194499,1.0
REACTOME_TRANSPORT_OF_INORGANIC_CATIONS_ANIONS_AND_AMINO_ACIDS_OLIGOPEPTIDES,7,Slc4a8;Slc8a3;Slc38a1;Slc1a4;Slc6a6;Slc24a4;Slc8a1,3.4285714285714284,1,11.710647071336128,5.244916810784019,3.0
REACTOME_METABOLISM_OF_AMINO_ACIDS_AND_DERIVATIVES,18,Slc6a7;Mri1;Phgdh;Gstz1;Gcdh;Aimp2;Psmd9;Serinc1;Cdo1;Sat1;Serinc3;Glul;Grhpr;Ckb;Rps21;Pxmp2;Nqo1;Papss2,3.3333333333333335,6,12.407710851666792,3.4399014155586487,13.0
REACTOME_O_LINKED_GLYCOSYLATION,11,Thsd7a;Galnt16;Sema5a;Adamts8;Galnt6;Adamts10;Adamts12;Adamts1;Adamts9;C1galt1c1;Adamtsl5,3.2727272727272725,7,14.40128266507094,7.162093326184603,15.0
REACTOME_MITOTIC_G2_G2_M_PHASES,11,Dync1i2;Cdc25b;Psmd9;Cdk2;Tuba1b;Cdkn1a;Ubc;Rbbp4;Wee1;Lin9;Sfi1,3.2727272727272725,8,14.311064686972482,4.931292664335104,17.0
REACTOME_NEGATIVE_REGULATION_OF_THE_PI3K_AKT_NETWORK,11,Fgfr2;Pdgfb;Gab1;Hbegf;Pik3r3;Ereg;Il33;Pik3r1;Pip4k2a;Btc;Fgf16,3.2727272727272725,9,20.273541475041846,6.3949960754758495,19.0
REACTOME_RHOA_GTPASE_CYCLE,11,Anln;Prex2;Ngef;Daam1;Stbd1;Plekhg3;Fam13a;Arhgef19;Pik3r1;Net1;Maco1,3.2727272727272725,6,16.19413873288493,5.588685555169549,13.0
REACTOME_CELLULAR_SENESCENCE,11,Erf;Mapkapk3;Cdkn2c;Cdk2;Cdkn1a;Id1;Ets1;Cdkn2b;Ubc;Rbbp4;Cebpb,3.2727272727272725,6,11.012979932593645,6.358053432965345,13.0
REACTOME_G_ALPHA_Q_SIGNALLING_EVENTS,11,Dgkg;Htr2a;Dgkh;Hbegf;Pik3r3;Itpr2;Pik3r1;Plcb1;Cck;Grk5;Gng10,3.2727272727272725,5,3.434413411820856,6.242156352004962,11.0
REACTOME_MITOTIC_G1_PHASE_AND_G1_S_TRANSITION,15,Mcm5;Rpa3;Psmd9;Fbxo5;Gmnn;Cdkn2c;Cdk2;Cdkn1a;Rpa1;Myc;Cdkn2b;Ubc;Rbbp4;Wee1;Lin9,3.2,5,12.987378215111663,4.947349370399852,11.0
REACTOME_BIOLOGICAL_OXIDATIONS,15,Cyp26b1;Fmo3;Fmo1;Fmo2;Gstz1;Cyp1b1;Ephx1;Cyp39a1;Gsto1;Cyp2u1;Gsta4;Oplah;Sult1a1;Papss2;Gstt1,3.2,7,14.763105014477983,3.6015778271384606,15.0
REACTOME_METABOLISM_OF_CARBOHYDRATES,15,Vcan;Has3;Ogn;Manba;Ust;Gnpda1;Aldoa;Ubc;Acan;Gnpda2;Ndst3;Pgm2l1;Pgam1;Chst2;Papss2,3.2,7,14.166780041114528,3.8382593703698245,15.0
REACTOME_RAC1_GTPASE_CYCLE,15,Prex2;Ngef;Fermt2;Dock8;Wasf1;Pik3r3;Plekhg3;Dock10;Fam13a;Arhgef19;Pik3r1;Dock5;Baiap2;Cdc42ep4;Srgap3,3.2,6,16.003457982566456,5.357380500991615,13.0
REACTOME_MAPK_FAMILY_SIGNALING_CASCADES,19,Camk2b;Fgfr2;Actn2;Cdc14a;Pdgfb;Psmd9;Hbegf;Foxo3;Ereg;Myc;Dusp5;Rgl1;Pik3r1;Ubc;Btc;Dusp8;Mapk12;Fgf16;Itgb3,3.1578947368421053,5,1.03568937041477,6.916256930899131,11.0
REACTOME_EXTRA_NUCLEAR_ESTROGEN_SIGNALING,8,Hbegf;Pik3r3;Foxo3;Ereg;Pik3r1;Btc;Sphk1;Gng10,3.0,1,1.1079058392877756,8.145342868400455,3.0
REACTOME_CELL_CELL_COMMUNICATION,8,Cdh3;Fermt2;Actn2;Cdh18;Pik3r1;Dst;Cdh2;Ang,3.0,0,22.641142369376418,4.53342112396096,1.0
REACTOME_SIGNALING_BY_PTK6,8,Hbegf;Sfpq;Cdk2;Ereg;Khdrbs3;Ubc;Elmo1;Btc,3.0,7,19.257253043296135,5.854522127694734,15.0
REACTOME_SIGNALING_BY_VEGF,12,Nrp1;Wasf1;Mapkapk3;Itpr2;Pik3r1;Elmo1;Vegfd;Axl;Baiap2;Sphk1;Mapk12;Itgb3,3.0,6,13.709384302097693,4.035044418893018,13.0
REACTOME_SIGNALING_BY_FGFR2,8,Fgfr2;Hnrnpm;Gab1;Hnrnpa1;Spry2;Pik3r1;Ubc;Fgf16,3.0,5,15.999363615778385,5.517885035342644,11.0
REACTOME_SUMOYLATION,8,Tfap2b;Ddx17;Nfkbia;Thra;Rara;Rpa1;Mdc1;Hnrnpk,3.0,4,7.331979188719365,6.665239767791179,9.0
REACTOME_S_PHASE,12,Mcm5;Cdc25b;Rpa3;Psmd9;Cdk2;Cdkn1a;Rpa1;Myc;Ubc;Rbbp4;Wee1;Lin9,3.0,5,11.96294245914676,4.941418919140803,11.0
REACTOME_O_GLYCOSYLATION_OF_TSR_DOMAIN_CONTAINING_PROTEINS,8,Thsd7a;Sema5a;Adamts8;Adamts10;Adamts12;Adamts1;Adamts9;Adamtsl5,3.0,7,15.221314665611931,5.649589270198229,15.0
REACTOME_FOXO_MEDIATED_TRANSCRIPTION,8,Srebf1;Bcl6;Foxo3;Cdkn1a;Btg1;Klf4;Ddit3;Txnip,3.0,2,1.116596615584235,7.369408922404505,5.0
REACTOME_INTERLEUKIN_4_AND_INTERLEUKIN_13_SIGNALING,12,Ptgs2;Timp1;Tgfb1;Bcl6;Rhou;Foxo3;Cdkn1a;Myc;Pim1;Pik3r1;Hsp90b1;Cebpd,3.0,6,10.060348487015592,8.609796002173349,13.0
REACTOME_SIGNALING_BY_EGFR,8,Gab1;Hbegf;Ereg;Spry2;Pik3r1;Ubc;Spry1;Btc,3.0,0,21.63835335263345,5.22681946670264,1.0
REACTOME_GLYCOSAMINOGLYCAN_METABOLISM,8,Vcan;Has3;Ogn;Ust;Acan;Ndst3;Chst2;Papss2,3.0,5,15.241744000244166,3.542745466686484,11.0
REACTOME_SIGNALING_BY_TGF_BETA_RECEPTOR_COMPLEX,8,Ppp1r15a;Smad7;Tgfb1;Serpine1;Myc;Cdkn2b;Ubc;Tgfbr2,3.0,1,5.2292682103744115,4.937662617909708,3.0
REACTOME_MUSCLE_CONTRACTION,17,Camk2b;Actn2;Slc8a3;Tnnt2;Itpr2;Atp1b2;Tnni3;Kcnk1;Atp1b1;Casq1;Scn2b;Cacnb2;Kcnd3;Tcap;Slc8a1;Asph;Itga1,2.823529411764706,4,8.091075851993686,5.4729019212474865,9.0
REACTOME_CARDIAC_CONDUCTION,13,Camk2b;Slc8a3;Itpr2;Atp1b2;Tnni3;Kcnk1;Atp1b1;Casq1;Scn2b;Cacnb2;Kcnd3;Slc8a1;Asph,2.7692307692307696,1,7.98794578292582,4.526610908203143,3.0
REACTOME_SIGNALING_BY_INTERLEUKINS,26,Ptgs2;Nfkbia;Timp1;Tgfb1;Ptprz1;Psmd9;Bcl6;Mapkapk3;Rhou;Pik3r3;Foxo3;Socs2;Cdkn1a;Myc;Il33;Pim1;Pik3r1;Gsto1;Pdcd4;Ubc;Hnrnpdl;Hsp90b1;Il16;Csf1;Peli1;Cebpd,2.7692307692307696,5,11.003907001235653,5.8280036916009665,11.0
REACTOME_ASPARAGINE_N_LINKED_GLYCOSYLATION,13,Dync1i2;Capzb;Magt1;Neu2;St3gal5;Tuba1b;Actr10;Ubc;Amfr;Ubxn1;Mvd;Nanp;Dpm3,2.7692307692307696,0,16.645957110290233,5.615828828807704,1.0
REACTOME_CDC42_GTPASE_CYCLE,13,Prex2;Ngef;Daam1;Dock8;Sh3pxd2a;Steap3;Plekhg3;Dock10;Arhgef19;Pik3r1;Baiap2;Cdc42ep4;Srgap3,2.7692307692307696,0,17.359836698141798,5.458038207076664,1.0
REACTOME_SLC_MEDIATED_TRANSMEMBRANE_TRANSPORT,13,Slc6a7;Slc4a8;Slc8a3;Slc38a1;Slc1a4;Slc6a6;Slc24a4;Slc16a1;Slc50a1;Slco3a1;Slc2a4;Slc8a1;Slc22a4,2.7692307692307696,1,11.07941939746393,5.193349869411406,3.0
REACTOME_NEUROTRANSMITTER_RECEPTORS_AND_POSTSYNAPTIC_SIGNAL_TRANSMISSION,13,Gabra3;Camk2b;Actn2;Ncald;Adcy7;Tuba1b;Grip2;Nrgn;Nptn;Akap5;Plcb1;Gng10;Gabrq,2.7692307692307696,7,19.43609970321912,6.152031615713081,15.0
REACTOME_SIGNALING_BY_NUCLEAR_RECEPTORS,18,Cyp26b1;Pdk4;Srebf1;Fkbp5;Cpt1a;Hbegf;Pik3r3;Foxo3;Eepd1;Ereg;Rara;Myc;Pik3r1;Dhrs3;Fasn;Btc;Sphk1;Gng10,2.6666666666666665,5,5.381730856416418,7.555059976763972,11.0
REACTOME_POTASSIUM_CHANNELS,9,Kcnc4;Kcnk1;Kcnb1;Kcnab1;Kcns3;Kcnd3;Kcna2;Kcnq3;Gng10,2.6666666666666665,1,9.047807551927757,6.555765566099073,3.0
REACTOME_INTEGRATION_OF_ENERGY_METABOLISM,9,Adcy7;Itpr2;Kcnb1;Cacnb2;Fasn;Kcns3;Akap5;Plcb1;Gng10,2.6666666666666665,0,13.072611584767593,8.53174844922156,1.0
REACTOME_REGULATION_OF_INSULIN_LIKE_GROWTH_FACTOR_IGF_TRANSPORT_AND_UPTAKE_BY_INSULIN_LIKE_GROWTH_FACTOR_BINDING_PROTEINS_IGFBPS,9,Vcan;Timp1;Stc2;Igfbp5;Pdia6;Hsp90b1;Cdh2;Pnpla2;Csf1,2.6666666666666665,5,15.0973131256968,4.258302297696978,11.0
REACTOME_CYCLIN_A_CDK2_ASSOCIATED_EVENTS_AT_S_PHASE_ENTRY,9,Cdc25b;Psmd9;Cdk2;Cdkn1a;Myc;Ubc;Rbbp4;Wee1;Lin9,2.6666666666666665,0,10.660396731785383,5.686273580187138,1.0
REACTOME_SIGNALING_BY_NOTCH,9,Plxnd1;Notch3;Mdk;Psmd9;Hes1;Myc;Ubc;Tle1;Maml3,2.6666666666666665,0,7.055008324714841,5.4507783828087195,1.0
REACTOME_SIGNALING_BY_WNT,23,Wnt16;Daam1;Pfn1;Psmd9;Wnt5a;Vps26a;Itpr2;Sox9;Nfatc1;Myc;Sfrp2;Rspo3;Ubc;Wif1;Wnt4;Dact1;Leo1;Sost;Fzd4;Plcb1;Kremen1;Tle1;Gng10,2.608695652173913,0,7.690077577887386,6.5027209669611015,1.0
REACTOME_GPCR_LIGAND_BINDING,14,Wnt16;Adrb1;Pthlh;Htr2a;Crhr2;Wnt5a;Ece1;Wnt4;Pf4;Npy1r;Tshr;Fzd4;Cck;Gng10,2.5714285714285716,5,12.496774061086455,6.35271087214789,11.0
REACTOME_RHO_GTPASE_CYCLE,38,Plxnd1;Anln;Prex2;Ngef;Rhobtb1;Fermt2;Capzb;Fam135a;Daam1;Dock8;Sh3pxd2a;Wasf1;Steap3;Rnd3;Rhou;Pik3r3;Stbd1;Tuba1b;Trip10;Plekhg3;Cct7;Dock10;Fam13a;Arhgef19;Efhd2;Pik3r1;Gfod1;Dock5;Dst;Sh3rf1;Rhoc;Ckb;Stip1;Net1;Baiap2;Cdc42ep4;Srgap3;Maco1,2.526315789473684,6,16.1587424498899,6.060222772981705,13.0
REACTOME_REGULATION_OF_TP53_ACTIVITY,10,Rpa3;Sgk1;Cdk2;Rpa1;Pip4k2a;Ubc;Rbbp4;Brd7;Banp;Plk3,2.4000000000000004,5,15.726206845641748,6.2680257232479155,11.0
REACTOME_TCF_DEPENDENT_SIGNALING_IN_RESPONSE_TO_WNT,15,Psmd9;Wnt5a;Sox9;Myc;Sfrp2;Rspo3;Ubc;Wif1;Wnt4;Dact1;Leo1;Sost;Fzd4;Kremen1;Tle1,2.4000000000000004,0,5.770991363695726,6.359988095918515,1.0
REACTOME_ECM_PROTEOGLYCANS,10,Vcan;Tgfb2;Tgfb1;Serpine1;Itga9;Hapln1;Acan;Lama2;Col6a6;Itgb3,2.4000000000000004,0,9.016648183010215,7.675073872787422,1.0
REACTOME_REGULATION_OF_LIPID_METABOLISM_BY_PPARALPHA,15,Srebf1;Fdft1;Cpt1a;Hmgcs1;Hmgcr;Nr1d1;Sin3b;Arntl;Hmgcs2;Clock;Rgl1;Tnfrsf21;Ankrd1;Pex11a;Npas2,2.4000000000000004,10,22.09102663696474,7.516422544115276,21.0
REACTOME_TRANSCRIPTIONAL_REGULATION_BY_RUNX3,10,Tgfb1;Psmd9;Hes1;Ccn2;Foxo3;Cdkn1a;Myc;Ubc;Tead1;Maml3,2.4000000000000004,0,5.169429457117174,6.151159829995587,1.0
REACTOME_SIGNALING_BY_TGFB_FAMILY_MEMBERS,10,Ppp1r15a;Smad7;Tgfb1;Serpine1;Myc;Acvrl1;Cdkn2b;Ubc;Inhbb;Tgfbr2,2.4000000000000004,1,4.786852088254484,6.880752795921756,3.0
REACTOME_EXTRACELLULAR_MATRIX_ORGANIZATION,30,Vcan;Eln;Col23a1;Ntn4;Tgfb2;Pdgfb;Timp1;Mmp15;Tgfb1;Serpine1;Sh3pxd2a;Lox;Adamts8;Adam19;Itga9;Hapln1;Scube3;Dst;Jam2;Adamts1;Mmp14;Acan;Adamts9;Col14a1;Lama2;Col27a1;Col15a1;Col6a6;Itga1;Itgb3,2.4000000000000004,0,20.910190511281122,8.216384133361426,1.0
REACTOME_INTRACELLULAR_SIGNALING_BY_SECOND_MESSENGERS,22,Prex2;Camk2b;Fgfr2;Mecom;Pdgfb;Gab1;Psmd9;Hbegf;Pik3r3;Foxo3;Adcy7;Itpr2;Nr4a1;Cdkn1a;Ereg;Il33;Pik3r1;Pip4k2a;Ubc;Rbbp4;Btc;Fgf16,2.181818181818182,5,17.506980565939884,8.043219028235805,11.0
REACTOME_CELL_SURFACE_INTERACTIONS_AT_THE_VASCULAR_WALL,11,Cd74;Angpt2;Angpt4;Tgfb1;Atp1b2;Atp1b1;Pik3r1;Jam2;Slc16a1;Pf4;Itgb3,2.181818181818182,3,12.535193881055687,5.4581871124765025,7.0
REACTOME_CLATHRIN_MEDIATED_ENDOCYTOSIS,12,Pacsin2;Hbegf;Wnt5a;Ereg;Trip10;Ldlr;Scarb2;Ubc;Necap2;Fzd4;Btc;Snx18,2.0,7,19.078027075426697,4.868772897765998,15.0
REACTOME_CELLULAR_RESPONSE_TO_HYPOXIA,6,Psmd9;Egln3;Wtip;Limd1;Ubc;Higd1a,2.0,0,13.951512200566302,6.224553129363684,1.0
REACTOME_NEGATIVE_REGULATION_OF_TCF_DEPENDENT_SIGNALING_BY_WNT_LIGAND_ANTAGONISTS,6,Wnt5a;Sfrp2;Wif1;Wnt4;Sost;Kremen1,2.0,0,4.636197389010896,5.618849863396589,1.0
REACTOME_PROTEIN_LOCALIZATION,6,Slc25a17;Ech1;Ubc;Prnp;Pxmp2;Chchd10,2.0,0,12.134103114969031,5.95136901185427,1.0
REACTOME_RESPONSE_TO_ELEVATED_PLATELET_CYTOSOLIC_CA2,18,Cd9;Hspa5;Actn2;Tgfb2;Timp3;Pdgfb;Timp1;Tgfb1;Serpine1;Pfn1;Manf;Endod1;Aldoa;Tagln2;Pf4;Vegfd;Chid1;Itgb3,2.0,3,19.966722745748896,7.269847609097371,7.0
REACTOME_TRANSMISSION_ACROSS_CHEMICAL_SYNAPSES,18,Gabra3;Camk2b;Actn2;Ncald;Slc38a1;Adcy7;Tuba1b;Glul;Ppfia4;Grip2;Arl6ip5;Nrgn;Nptn;Cacnb2;Akap5;Plcb1;Gng10;Gabrq,2.0,7,19.223375887720653,8.178077910102001,15.0
REACTOME_ONCOGENE_INDUCED_SENESCENCE,6,Erf;Cdkn2c;Id1;Ets1;Cdkn2b;Ubc,2.0,0,5.903187457938961,6.645855114259664,1.0
REACTOME_SIGNALING_BY_HEDGEHOG,6,Fuz;Psmd9;Adcy7;Tuba1b;Ubc;Hhip,2.0,0,11.127428645694186,5.542344636663656,1.0
