gene,acrophase_hour,acrophase_rad,bf_log10,expected_mesor
1110012L19Rik,4.49,1.1757,4.48,-11.3182
1500011B03Rik,7.26,1.9001,3.33,-11.1188
2310001H17Rik,11.52,3.0165,4.5,-11.4603
2900041M22Rik,8.27,2.1639,9.64,-10.5652
9930111J21Rik2,22.59,5.9133,9.83,-8.5974
A630072M18Rik,7.17,1.8759,2.3,-11.6346
Abca3,16.18,4.2351,3.79,-10.182
Abhd17a,5.05,1.3222,8.19,-9.3584
Acaa2,8.69,2.2753,4.68,-9.9805
Ackr3,21.3,5.576,9.6,-8.4897
Acsf2,6.38,1.6696,3.99,-11.3609
Actn4,16.57,4.3375,2.19,-7.6722
Acyp2,6.76,1.7693,5.34,-10.6853
Adam9,20.43,5.3482,2.72,-10.2227
Adcy4,18.76,4.912,3.27,-8.9476
Adgra3,20.75,5.4317,2.36,-9.6272
Adgrf5,14.75,3.8626,3.09,-8.5595
Adipor2,8.03,2.101,10.52,-8.8146
Adra2a,8.33,2.1812,3.29,-9.4227
Ahnak,16.62,4.3503,7.51,-6.8734
Aif1l,9.02,2.3612,6.14,-11.8425
Aldh3a1,11.27,2.95,2.9,-10.6392
Ankrd40,17.92,4.6912,2.75,-10.0714
Ap2s1,6.26,1.6394,2.08,-9.2817
Ap5s1,9.95,2.6042,3.32,-11.6424
Apeh,11.11,2.9091,3.21,-11.5012
Apold1,18.5,4.8443,5.87,-10.0161
Arfgap1,11.2,2.9325,2.09,-11.2716
Arhgdib,3.75,0.9809,5.79,-8.7731
Arl14ep,6.51,1.705,5.9,-11.5511
Arl2,3.86,1.0095,2.98,-10.1663
Arpc3,5.38,1.4088,5.91,-8.2872
Art4,11.11,2.9082,3.17,-10.0407
Ascc3,19.85,5.1979,3.0,-9.7924
Atp1b1,7.25,1.8987,45.27,-9.6691
Atp2b2,12.53,3.2801,8.37,-9.5711
Atp2b4,15.29,4.0042,4.77,-8.9819
Atp5g1,3.05,0.7989,4.89,-8.468
Atp5g3,4.48,1.1716,6.45,-8.9733
Atp5j,6.46,1.6925,13.25,-7.9403
B230216N24Rik,15.93,4.1705,2.4,-11.4032
Bace2,1.93,0.5051,6.61,-8.8903
Bcam,11.17,2.9247,2.96,-7.7872
Birc6,18.44,4.8268,4.95,-9.3743
Bmyc,3.3,0.8627,5.0,-9.7288
Bzw2,5.06,1.326,3.12,-11.3638
C130074G19Rik,6.78,1.776,10.41,-9.8409
Cavin3,3.06,0.8018,6.74,-8.0585
Cbr1,3.18,0.8336,3.88,-11.0169
Ccdc157,9.93,2.5993,4.86,-11.7956
Ccdc3,12.22,3.1992,3.73,-9.5826
Ccdc85b,7.17,1.8769,7.59,-8.532
Ccn2,17.77,4.6531,7.99,-9.9782
Cd40,6.99,1.8309,3.75,-11.6876
Cd81,2.91,0.7616,31.21,-7.2155
Cd9,2.29,0.6005,3.08,-7.0044
Cdc42ep5,1.1,0.2879,2.93,-9.2219
Cdk5,8.43,2.206,2.26,-11.1259
Cdkn2c,7.92,2.0739,8.37,-11.2828
Cdo1,17.05,4.4649,2.85,-10.8927
Cebpd,5.67,1.484,12.27,-8.7983
Cemip2,11.0,2.879,8.3,-8.8311
Cenpb,12.78,3.3452,2.42,-8.8432
Chchd2,2.89,0.7567,18.22,-7.329
Churc1,3.67,0.9604,5.22,-9.7116
Ciao1,7.18,1.8804,6.19,-10.5674
Cirbp,7.85,2.0561,15.38,-10.0338
Clic4,15.64,4.0958,6.67,-7.9496
Clock,20.16,5.2771,4.59,-10.1121
Cmc1,5.0,1.3096,7.37,-10.6977
Cmklr1,0.98,0.2559,5.45,-9.6518
Cnn2,18.67,4.8881,3.3,-10.5237
Commd2,6.25,1.6365,7.2,-10.4345
Commd4,3.22,0.843,3.51,-10.1132
Commd6,5.1,1.3349,2.13,-10.13
Cope,5.6,1.4673,2.45,-9.1021
Cops2,12.41,3.2491,2.19,-9.991
Cracr2b,3.64,0.9529,3.96,-8.4511
Crebrf,12.62,3.3049,2.63,-9.5924
Creld2,0.58,0.1517,2.2,-10.9076
Crlf2,4.06,1.0639,7.25,-9.529
Ctnna1,15.84,4.1478,5.87,-8.2703
Cxcl1,4.96,1.2988,4.01,-10.9213
Cyb5a,2.17,0.5694,11.55,-8.2082
Cyb5r4,5.15,1.3476,2.46,-10.7197
Dbnl,1.11,0.2916,2.12,-9.7364
Dbp,9.05,2.3682,142.67,-9.2541
Dctn6,6.22,1.6282,5.19,-9.759
Dennd4a,17.63,4.6158,2.66,-9.5883
Dhrs7,9.54,2.4974,3.22,-9.0497
Dlat,3.31,0.8673,2.16,-10.7019
Dll1,23.34,6.1099,4.09,-9.747
Dnajb11,2.37,0.6206,3.38,-9.7624
Dolk,10.15,2.6566,2.03,-11.4773
Dstn,15.64,4.0958,9.43,-7.4493
Dtd1,4.82,1.2627,2.17,-9.8223
Dtymk,2.89,0.7572,5.23,-10.3239
Dync1h1,16.98,4.4445,5.49,-8.8732
Dynll1,0.91,0.238,7.66,-7.6664
Ebpl,4.61,1.2059,5.83,-10.5971
Ech1,4.11,1.0767,2.72,-9.101
Edn1,19.94,5.2212,49.67,-8.1503
Egr3,12.73,3.3319,4.19,-10.2256
Ehd2,21.26,5.5655,7.53,-8.0366
Elk3,19.66,5.1465,2.66,-9.0578
Ephx1,10.5,2.7484,6.25,-8.4209
Ephx2,5.29,1.386,25.95,-8.626
Erg28,8.72,2.2832,3.78,-10.5622
Erh,3.87,1.0142,2.39,-9.9786
Etfb,6.32,1.6537,5.31,-9.3049
Fam3c,4.46,1.1688,4.98,-7.6139
Fbln5,0.62,0.1626,13.23,-7.3396
Fbxo34,10.66,2.7904,3.61,-10.2828
Fgd4,8.25,2.1603,2.34,-11.5164
Fkbp4,20.75,5.4314,2.4,-9.7264
Flna,15.64,4.0956,9.09,-8.5797
Flnb,21.36,5.592,2.98,-8.5211
Fmo1,13.24,3.4667,2.01,-9.5313
Fmo2,14.45,3.7822,4.99,-8.3696
Fopnl,3.5,0.9155,3.35,-10.5403
Fos,14.36,3.7601,10.4,-8.097
Fosb,13.74,3.5983,3.44,-9.4217
Gabpb1,7.88,2.0628,4.54,-11.0159
Gamt,6.77,1.7721,2.99,-11.2503
Gch1,8.06,2.1091,2.86,-10.5278
Gm17018,6.97,1.824,3.02,-10.8691
Gm20559,4.9,1.2829,4.28,-10.9867
Gm47283,16.79,4.3946,13.17,-9.5921
Gm7072,3.76,0.9838,5.29,-11.7285
Gnpda2,8.45,2.2114,3.18,-10.5288
Golm1,11.45,2.9972,2.68,-9.7169
Gpsm3,3.24,0.8473,2.78,-10.8124
Gpx7,5.96,1.5591,4.27,-10.4038
Grasp,8.04,2.1044,4.85,-9.507
Gstm1,11.09,2.9037,3.94,-8.3876
Gucy1b1,17.49,4.5785,3.23,-10.7988
Guf1,12.46,3.262,2.37,-10.9867
H2-Ke6,4.66,1.2198,10.73,-10.3439
Haghl,7.25,1.8977,6.38,-11.2082
Hhex,2.92,0.7638,3.2,-9.8091
Hira,16.85,4.4114,2.04,-11.2841
Hlf,9.61,2.5163,21.79,-10.8047
Hmgn2,6.01,1.574,4.56,-9.8545
Hs3st1,6.91,1.8089,15.25,-8.9685
Hsph1,21.83,5.7152,3.52,-10.3503
Ier3,10.44,2.7332,21.7,-8.9184
Ifitm2,3.33,0.8717,9.12,-6.7384
Ifitm3,6.76,1.7685,23.44,-6.5718
Igfbp5,16.86,4.4133,73.32,-7.8072
Ikbip,5.01,1.3112,3.51,-10.028
Il20rb,7.85,2.0552,2.8,-11.7521
Il3ra,4.4,1.1515,8.98,-10.4457
Ip6k2,9.03,2.3637,2.34,-11.7919
Itgb3bp,5.74,1.5019,3.34,-11.3745
Kalrn,11.37,2.9773,2.11,-10.1808
Klf15,12.48,3.2685,2.12,-11.2835
Klhdc3,12.41,3.2483,3.56,-10.9851
Klk10,12.02,3.1466,3.04,-8.5936
Krt18,18.53,4.8503,3.58,-8.8707
Kxd1,11.01,2.8831,2.12,-10.0211
Lamtor1,4.8,1.2576,2.76,-9.5569
Lbp,16.64,4.3559,5.41,-9.9674
Lefty1,7.18,1.879,9.84,-10.9398
Lemd3,16.39,4.2904,3.05,-11.2351
Lgmn,7.18,1.8786,5.87,-8.9199
Lias,8.84,2.314,6.06,-10.5441
Lmo2,6.88,1.7999,22.16,-7.3882
Lmo4,16.16,4.2311,2.23,-9.7942
Lmod1,10.13,2.6522,4.39,-11.2419
Lrpap1,3.92,1.0259,2.53,-8.692
Lrrc3b,7.07,1.8514,4.21,-11.205
Lsm8,3.25,0.8519,5.98,-9.9252
Maged2,2.94,0.7696,5.37,-10.1501
Mall,22.41,5.8676,3.43,-8.5686
Mapk13,3.14,0.8219,2.89,-11.9686
Mbd1,10.26,2.6863,5.15,-10.5319
Mcm6,17.15,4.4901,3.36,-11.2889
Med28,3.93,1.0301,4.32,-9.105
Med31,3.41,0.8931,4.38,-10.3058
Mfng,6.68,1.7491,6.12,-10.0289
Mgst1,7.2,1.8862,12.81,-8.7717
Mgst3,4.89,1.2805,18.53,-8.1597
Mrpl17,3.81,0.9977,4.53,-9.7383
Mrpl20,1.77,0.4632,2.87,-9.1567
Mrpl27,1.96,0.5129,2.1,-10.1695
Mrpl34,9.54,2.4987,3.29,-9.8903
Mrpl38,9.38,2.4547,3.29,-10.7074
Mrpl58,3.71,0.9704,3.92,-9.9456
Mrps16,4.29,1.1222,2.06,-9.4418
Mrps34,2.06,0.5401,3.25,-10.3185
Mt1,8.89,2.3269,181.92,-7.6273
Myh11,12.18,3.1887,4.01,-10.2434
Myh9,18.43,4.8245,18.18,-7.7993
Nacc1,15.24,3.9893,2.19,-10.9407
Nav2,10.18,2.6645,5.65,-11.1166
Ndufa4,4.06,1.0631,12.58,-7.6563
Ndufaf3,6.94,1.8162,3.69,-10.4076
Ndufb10,6.4,1.675,2.32,-8.6964
Ndufc2,3.01,0.7871,10.74,-8.6732
Ndufs5,2.86,0.7481,4.72,-8.4665
Neat1,13.12,3.4339,11.13,-8.3931
Nes,16.05,4.2019,11.59,-10.077
Nhlrc3,5.08,1.3292,3.27,-11.6426
Nip7,1.58,0.4137,2.37,-10.6513
Nme1,3.04,0.7962,2.07,-9.9048
Nr1d1,8.26,2.1627,79.54,-9.9801
Nr1d2,8.55,2.2382,45.1,-10.0831
Nr2c2ap,3.08,0.8058,3.54,-11.007
Nr4a2,17.43,4.5638,2.73,-10.7266
Nudt4,14.42,3.7739,3.2,-8.9795
Oard1,6.58,1.7233,2.82,-10.4593
Oaz1,2.01,0.527,8.72,-7.3768
Ostc,2.92,0.7654,10.06,-9.3552
Otud4,12.33,3.2274,2.01,-10.4301
P4ha1,20.81,5.4486,3.17,-10.0935
Palm,15.4,4.031,2.39,-10.2722
Parp2,3.48,0.9114,2.62,-10.8739
Pcyox1l,4.4,1.1527,4.77,-11.2828
Pdcd4,7.51,1.9649,28.58,-8.9246
Pdzd2,18.75,4.9098,2.7,-10.2372
Per1,9.57,2.5044,11.45,-10.5892
Per3,9.99,2.615,27.54,-10.285
Pfkfb3,9.31,2.4365,3.64,-9.849
Phldb2,16.72,4.3784,2.0,-9.3828
Plcb1,14.6,3.8235,3.59,-10.2605
Pld3,6.12,1.6035,3.35,-9.7638
Plec,20.28,5.3083,14.05,-8.0646
Plk3,12.91,3.3808,2.12,-11.3752
Polr2j,4.65,1.2182,8.3,-9.2604
Pomp,4.06,1.0624,6.12,-8.6582
Pon2,1.55,0.4048,2.41,-8.9764
Ppa2,2.77,0.7241,2.61,-10.6748
Ppia,4.07,1.0666,9.56,-6.2266
Prpf40a,10.63,2.7817,3.67,-9.3704
Prpf40b,8.49,2.2233,6.88,-11.2044
Psmb10,5.39,1.411,3.55,-8.6329
Psmb9,4.47,1.1698,4.31,-9.023
Psmd4,10.08,2.6378,4.52,-9.1413
Psme2b,21.51,5.6323,4.01,-10.4304
Ptgs2,6.58,1.7238,21.97,-11.1419
Pycr2,2.44,0.6377,3.13,-10.4845
Pyroxd1,6.55,1.7156,2.2,-11.6465
Ramac,4.69,1.2269,2.32,-9.9391
Rbm3,5.84,1.5291,12.88,-8.4802
Rbp1,6.28,1.6443,17.05,-7.0623
Rdh11,23.44,6.1355,2.08,-11.5261
Resf1,11.48,3.0045,7.23,-9.1875
Rex1bd,2.18,0.5694,4.15,-9.1083
Rgl2,15.68,4.1048,3.39,-9.8988
Rilpl2,6.28,1.6444,5.94,-10.6294
Rnaseh2b,7.77,2.0338,3.43,-11.0275
Rnf125,8.63,2.2585,7.28,-10.0974
Rnf144a,22.06,5.7746,2.35,-10.3485
Rnf4,4.96,1.2992,2.23,-10.5502
Rnh1,6.53,1.7093,3.35,-9.0887
Rpl10,2.6,0.6801,5.43,-6.4111
Rps7,3.14,0.8218,4.6,-6.3913
Rtf2,10.37,2.7159,2.38,-9.9007
Rtl8a,4.12,1.0781,2.13,-9.8297
Rtp4,7.0,1.8316,3.94,-10.6619
Samd4,19.26,5.0412,5.89,-10.7879
Scp2,4.26,1.1144,4.28,-8.6284
Scx,22.44,5.876,3.84,-10.0807
Sdc4,2.66,0.6959,4.37,-10.2198
Sdhaf4,5.41,1.4153,2.05,-10.2744
Sdhb,6.39,1.6725,6.23,-9.481
Sec11c,2.87,0.751,4.0,-9.6685
Selenof,4.13,1.082,4.26,-8.088
Selenom,5.65,1.4784,21.85,-7.8033
Selenow,4.36,1.1414,8.63,-7.2497
Serpinb1a,6.02,1.5749,3.06,-10.6305
Serpinb6b,22.56,5.906,8.67,-8.2422
Sf3b6,4.92,1.2882,9.38,-9.3218
Sfr1,4.13,1.0806,6.76,-8.4515
Sgta,7.83,2.0493,2.71,-9.823
Slc25a3,5.09,1.3338,6.62,-8.1206
Slc29a1,2.14,0.5607,3.99,-8.9217
Slc50a1,7.93,2.0758,11.0,-8.6806
Smarca2,14.97,3.9193,9.8,-8.4636
Smc4,7.76,2.0316,7.46,-9.4078
Smim5,7.71,2.0191,5.18,-11.2332
Smpd3,20.23,5.2965,3.8,-10.1178
Snapin,7.79,2.0404,4.14,-10.4254
Snrpb2,9.07,2.3756,2.47,-9.8306
Snrpc,3.0,0.785,4.98,-9.68
Snx17,4.61,1.2082,2.43,-9.5635
Snx18,22.48,5.884,5.29,-9.5037
Sp3os,1.77,0.4635,3.08,-10.9136
Spryd7,6.64,1.7388,3.07,-11.3211
Sptbn1,17.35,4.5414,16.31,-6.724
Srgn,7.0,1.8328,11.21,-7.4131
St3gal5,22.98,6.0157,5.24,-9.6342
St6gal1,12.39,3.2432,2.98,-10.8658
Stbd1,12.11,3.17,2.86,-10.5808
Stmn1,2.65,0.6933,14.51,-9.7036
Stn1,10.17,2.6622,3.27,-11.3883
Sufu,7.38,1.9315,4.33,-11.7269
Sult1a1,11.55,3.0233,4.67,-9.5825
Tagln,21.21,5.5529,3.03,-8.2191
Tap2,5.26,1.3758,4.84,-9.7745
Tcerg1,15.62,4.0884,3.82,-10.1867
Tcim,7.8,2.0413,9.49,-10.4245
Tead1,16.94,4.4347,4.75,-10.2362
Tef,11.16,2.9226,19.57,-9.0557
Tgfb2,18.35,4.8031,12.14,-10.3118
Thbd,19.79,5.182,9.23,-8.3601
Thbs1,20.74,5.4305,4.56,-8.4405
Thyn1,3.75,0.9817,8.07,-11.78
Timm23,3.9,1.0215,3.79,-9.9961
Timm9,22.54,5.9006,4.76,-10.6201
Tmed10,1.18,0.3095,4.75,-8.1937
Tmed4,4.67,1.2226,2.67,-9.3577
Tmem141,5.11,1.3386,6.69,-10.0408
Tmem14a,2.8,0.7326,2.67,-11.4924
Tmem158,5.38,1.4075,35.22,-7.2723
Tmem176b,8.73,2.2859,11.15,-8.1791
Tppp3,20.01,5.2391,4.5,-9.5068
Trappc6a,6.07,1.5886,8.17,-10.224
Trmt10c,6.16,1.6132,2.94,-11.9023
Tspan14,23.8,6.232,3.47,-10.271
Tspan4,10.17,2.6634,23.94,-8.8845
Tspan6,6.41,1.6772,2.72,-8.945
Twist1,22.18,5.8067,10.38,-8.9175
Txn2,1.71,0.4473,2.82,-9.339
Ube2n,3.52,0.9211,8.69,-9.5916
Ubfd1,6.14,1.6085,2.62,-10.9513
Ufc1,4.97,1.3,2.66,-9.3128
Ufd1,10.32,2.7031,4.14,-10.4796
Uqcr10,5.61,1.4697,2.3,-8.2032
Uqcrb,3.34,0.8734,4.64,-8.0415
Usf1,6.22,1.6292,9.55,-10.7325
Vamp5,9.15,2.3958,2.5,-9.503
Vcam1,8.91,2.332,6.62,-7.2301
Vcl,21.69,5.6796,2.4,-9.2459
Vipr1,15.65,4.0978,2.51,-10.5831
Wdr12,23.44,6.1363,2.27,-10.9923
Wdr83os,3.17,0.8291,2.57,-9.1085
Yipf2,9.26,2.4251,4.35,-11.5272
Zbtb16,12.39,3.2448,4.84,-10.7461
Zfp414,10.36,2.7132,3.09,-11.7639
