gene_set,bin_0_ZT0-2,bin_1_ZT2-4,bin_2_ZT4-6,bin_3_ZT6-8,bin_4_ZT8-10,bin_5_ZT10-12,bin_6_ZT12-14,bin_7_ZT14-16,bin_8_ZT16-18,bin_9_ZT18-20,bin_10_ZT20-22,bin_11_ZT22-24
Nobox (mouse),1.7142857142857142,3.4285714285714284,0.0,0.0,0.0,0.0,0.0,1.7142857142857142,0.0,0.0,5.142857142857143,0.0
GABPA (human),0.0,0.0,0.0,0.0,1.7142857142857142,3.4285714285714284,0.0,0.0,0.0,5.142857142857143,0.0,1.7142857142857142
Arnt::Ahr (mouse),0.0,1.7142857142857142,0.0,0.0,1.7142857142857142,0.0,0.0,0.0,1.7142857142857142,1.7142857142857142,5.142857142857143,0.0
SMAD3 (human),1.7142857142857142,0.0,1.7142857142857142,0.0,0.0,1.7142857142857142,0.0,0.0,1.7142857142857142,5.142857142857143,0.0,0.0
NKX2-8 (human),0.0,0.0,0.8,0.8,2.4000000000000004,4.800000000000001,0.0,0.0,0.0,0.8,0.0,2.4000000000000004
RXRA (mouse),0.75,0.75,0.75,0.75,0.75,1.5,0.75,0.75,0.0,0.0,4.5,0.75
SOX10 (mouse),0.0,4.5,0.0,3.0,0.0,1.5,0.0,0.0,0.0,1.5,1.5,0.0
MIR210 (human),0.0,2.0,0.0,0.0,2.0,2.0,4.0,0.0,2.0,0.0,0.0,0.0
CEBPE (human),0.0,0.0,0.0,0.0,2.0,2.0,0.0,2.0,0.0,2.0,4.0,0.0
Arnt (mouse),0.0,2.0,0.0,4.0,0.0,0.0,0.0,0.0,2.0,0.0,2.0,2.0
E2F4 (human),0.0,0.0,0.0,1.3333333333333333,0.0,0.0,1.3333333333333333,4.0,1.3333333333333333,2.6666666666666665,1.3333333333333333,0.0
NKX3-1 (human),0.0,1.3333333333333333,0.0,0.0,1.3333333333333333,0.0,0.0,2.6666666666666665,4.0,1.3333333333333333,1.3333333333333333,0.0
FEV (human),0.0,0.0,0.0,2.0,0.0,2.0,0.0,4.0,0.0,2.0,0.0,2.0
AP1 (mouse),0.0,0.0,1.2000000000000002,1.2000000000000002,2.4000000000000004,3.6,0.0,0.0,2.4000000000000004,0.0,1.2000000000000002,0.0
Sox2 (mouse),0.6486486486486487,0.32432432432432434,0.32432432432432434,0.972972972972973,0.972972972972973,1.2972972972972974,0.32432432432432434,2.2702702702702706,0.972972972972973,3.567567567567568,0.32432432432432434,0.0
MYOD1 (human),1.7142857142857142,0.0,0.0,3.4285714285714284,1.7142857142857142,1.7142857142857142,0.0,0.0,1.7142857142857142,0.0,0.0,1.7142857142857142
Klf4 (mouse),0.0,0.0,0.0,3.4285714285714284,3.4285714285714284,1.7142857142857142,0.0,0.0,1.7142857142857142,0.0,0.0,1.7142857142857142
THRA (human),1.7142857142857142,0.8571428571428571,0.8571428571428571,0.8571428571428571,1.7142857142857142,0.8571428571428571,0.0,0.0,3.4285714285714284,0.8571428571428571,0.8571428571428571,0.0
Sox5 (mouse),0.0,0.9600000000000001,0.9600000000000001,0.48000000000000004,1.44,1.9200000000000002,0.0,0.0,3.3600000000000003,1.44,0.48000000000000004,0.9600000000000001
ATF1 (human),1.090909090909091,0.0,0.0,2.181818181818182,1.090909090909091,1.090909090909091,3.2727272727272725,2.181818181818182,1.090909090909091,0.0,0.0,0.0
ZNF148 (human),0.7692307692307692,1.2307692307692308,0.46153846153846156,1.3846153846153848,3.230769230769231,1.3846153846153848,0.6153846153846154,0.9230769230769231,0.46153846153846156,0.6153846153846154,0.46153846153846156,0.46153846153846156
Nkx2-5 (mouse),1.6,0.0,0.8,0.8,0.0,0.0,0.0,1.6,2.4000000000000004,1.6,3.2,0.0
Nr2e3 (mouse),3.0,1.5,1.5,3.0,0.0,0.0,0.0,1.5,0.0,1.5,0.0,0.0
POU3F1 (human),0.0,0.0,0.0,1.5,0.0,1.5,1.5,0.0,1.5,3.0,1.5,1.5
FOXA3 (human),1.5,0.0,0.0,1.5,3.0,3.0,0.0,0.0,1.5,0.0,1.5,0.0
EIF4EBP1 (human),1.5,3.0,0.0,0.0,0.0,1.5,3.0,1.5,0.0,0.0,1.5,0.0
HNF4A (mouse),2.857142857142857,0.0,0.0,0.0,0.0,1.1428571428571428,0.5714285714285714,1.1428571428571428,2.2857142857142856,1.1428571428571428,1.1428571428571428,1.7142857142857142
KLF11 (human),0.45,0.9,0.45,1.8,2.85,1.6500000000000001,0.6000000000000001,1.05,0.6000000000000001,0.75,0.6000000000000001,0.30000000000000004
AHR (mouse),0.9230769230769231,0.0,0.9230769230769231,0.0,0.0,0.9230769230769231,1.8461538461538463,1.8461538461538463,2.7692307692307696,0.0,1.8461538461538463,0.9230769230769231
KLF4 (human),0.43373493975903615,0.8674698795180723,0.43373493975903615,1.7349397590361446,2.746987951807229,1.5903614457831328,0.5783132530120483,1.1566265060240966,0.5783132530120483,0.8674698795180723,0.7228915662650602,0.28915662650602414
LOC135440 (human),0.0,0.0,0.0,0.6666666666666666,1.3333333333333333,1.3333333333333333,1.3333333333333333,2.0,0.0,2.6666666666666665,2.0,0.6666666666666666
NR1H2 (human),0.6666666666666666,1.3333333333333333,0.6666666666666666,0.6666666666666666,0.6666666666666666,2.0,0.0,2.6666666666666665,0.0,2.0,1.3333333333333333,0.0
SNAI2 (human),1.3125,1.6875,0.5625,0.375,2.625,1.3125,0.375,0.9375,0.5625,1.3125,0.1875,0.75
TCF3 (human),1.3125,1.6875,0.5625,0.375,2.625,1.3125,0.375,0.9375,0.5625,1.3125,0.1875,0.75
SNAI1 (human),1.3125,1.6875,0.5625,0.375,2.625,1.3125,0.375,0.9375,0.5625,1.3125,0.1875,0.75
RUNX2 (mouse),1.44,0.6400000000000001,0.48000000000000004,0.9600000000000001,2.5600000000000005,0.48000000000000004,0.8,0.6400000000000001,1.12,0.48000000000000004,1.2800000000000002,1.12
IKZF1 (human),1.090909090909091,1.8181818181818183,0.36363636363636365,1.8181818181818183,2.545454545454546,0.7272727272727273,1.090909090909091,1.090909090909091,0.0,0.36363636363636365,0.36363636363636365,0.7272727272727273
FOXO3A (mouse),0.5,0.0,0.5,2.5000000000000004,1.0,1.5,0.0,0.5,2.0,1.5,0.0,2.0
CACYBP (human),1.3125,0.9375,0.375,1.125,2.4375,1.6875,0.9375,0.75,0.75,0.375,0.9375,0.375
REL (human),1.6,1.6,0.0,0.8,1.6,0.0,0.8,2.4000000000000004,0.0,2.4000000000000004,0.0,0.8
SRY (human),0.0,0.6000000000000001,0.0,1.2000000000000002,2.4000000000000004,1.2000000000000002,2.4000000000000004,0.6000000000000001,1.2000000000000002,0.6000000000000001,0.6000000000000001,1.2000000000000002
HIVEP1 (human),0.0,1.2000000000000002,0.0,0.0,2.4000000000000004,2.4000000000000004,1.2000000000000002,1.2000000000000002,2.4000000000000004,1.2000000000000002,0.0,0.0
PPARA (human),1.2000000000000002,1.2000000000000002,0.0,0.0,1.2000000000000002,1.2000000000000002,1.2000000000000002,2.4000000000000004,1.2000000000000002,0.0,2.4000000000000004,0.0
MZF1 5-13 (human),1.2000000000000002,1.2000000000000002,0.0,2.4000000000000004,0.0,1.2000000000000002,1.2000000000000002,0.0,0.0,1.2000000000000002,2.4000000000000004,1.2000000000000002
MYC (human),1.4545454545454546,0.36363636363636365,0.7272727272727273,0.9090909090909092,2.0,2.3636363636363638,0.5454545454545455,1.090909090909091,0.5454545454545455,0.7272727272727273,1.090909090909091,0.18181818181818182
FOXF1 (human),0.6428571428571429,1.0714285714285716,0.8571428571428571,0.8571428571428571,0.8571428571428571,0.6428571428571429,0.8571428571428571,0.6428571428571429,2.357142857142857,0.8571428571428571,1.7142857142857142,0.6428571428571429
Nkx3-2 (mouse),0.3333333333333333,0.3333333333333333,1.3333333333333333,1.0,0.3333333333333333,2.3333333333333335,0.3333333333333333,1.3333333333333333,1.3333333333333333,1.6666666666666667,1.6666666666666667,0.0
FOXF2 (human),1.0,1.3333333333333333,0.3333333333333333,1.6666666666666667,2.3333333333333335,0.6666666666666666,0.3333333333333333,1.0,0.3333333333333333,0.6666666666666666,0.6666666666666666,1.6666666666666667
PURA (human),0.0,1.935483870967742,0.0,0.7741935483870968,2.3225806451612905,1.5483870967741935,0.3870967741935484,0.3870967741935484,1.935483870967742,0.7741935483870968,0.0,1.935483870967742
TBX5 (mouse),0.8674698795180723,0.7228915662650602,0.28915662650602414,0.8674698795180723,1.1566265060240966,2.313253012048193,0.8674698795180723,0.8674698795180723,1.1566265060240966,1.0120481927710843,0.8674698795180723,1.0120481927710843
POU1F1 (human),0.9230769230769231,0.9230769230769231,0.23076923076923078,0.6923076923076924,0.9230769230769231,1.3846153846153848,0.6923076923076924,0.6923076923076924,2.307692307692308,0.9230769230769231,1.8461538461538463,0.46153846153846156
MYB (human),2.2857142857142856,0.8571428571428571,0.2857142857142857,1.1428571428571428,0.8571428571428571,0.8571428571428571,0.5714285714285714,0.8571428571428571,2.0,0.8571428571428571,0.8571428571428571,0.5714285714285714
CREM (human),0.6486486486486487,0.32432432432432434,0.6486486486486487,0.32432432432432434,0.32432432432432434,1.2972972972972974,0.972972972972973,1.2972972972972974,1.6216216216216217,1.945945945945946,2.2702702702702706,0.32432432432432434
MYOD1 (mouse),0.8316831683168318,0.4752475247524753,0.9504950495049506,0.9504950495049506,1.4257425742574257,0.7128712871287128,1.4257425742574257,1.1881188118811883,2.2574257425742577,0.5940594059405941,0.5940594059405941,0.5940594059405941
ZNF354C (human),1.5,0.5,0.0,2.0,2.25,0.75,1.0,0.5,0.75,0.5,1.0,1.2500000000000002
USF1 (mouse),1.1111111111111112,0.2222222222222222,1.5555555555555556,1.3333333333333333,1.1111111111111112,1.3333333333333333,0.6666666666666666,0.6666666666666666,0.4444444444444444,2.2222222222222223,0.6666666666666666,0.6666666666666666
SPIB (human),1.3333333333333333,2.2222222222222223,0.0,1.7777777777777777,2.2222222222222223,0.4444444444444444,0.8888888888888888,0.8888888888888888,0.8888888888888888,0.4444444444444444,0.4444444444444444,0.4444444444444444
POU2F1 (mouse),1.1076923076923078,0.7384615384615385,0.7384615384615385,1.476923076923077,1.2923076923076924,0.7384615384615385,0.9230769230769231,0.5538461538461539,1.1076923076923078,0.36923076923076925,2.2153846153846155,0.7384615384615385
NRF1 (human),0.7346938775510204,0.4897959183673469,0.24489795918367346,1.2244897959183674,0.7346938775510204,1.2244897959183674,0.0,0.9795918367346939,1.469387755102041,1.9591836734693877,2.2040816326530615,0.7346938775510204
IRF2 (mouse),1.2244897959183674,1.469387755102041,0.4897959183673469,0.4897959183673469,0.7346938775510204,0.4897959183673469,0.4897959183673469,2.2040816326530615,1.2244897959183674,1.7142857142857142,0.9795918367346939,0.4897959183673469
SMAD4 (mouse),0.5853658536585367,0.43902439024390244,0.43902439024390244,1.0243902439024393,0.5853658536585367,0.5853658536585367,0.14634146341463417,1.902439024390244,2.1951219512195124,1.3170731707317074,1.7560975609756098,1.0243902439024393
Pdx1 (mouse),1.090909090909091,1.4545454545454546,0.36363636363636365,1.090909090909091,1.090909090909091,0.7272727272727273,0.36363636363636365,0.7272727272727273,0.7272727272727273,1.8181818181818183,2.181818181818182,0.36363636363636365
GTF2I (human),1.090909090909091,1.090909090909091,0.0,1.090909090909091,1.090909090909091,2.181818181818182,0.0,2.181818181818182,0.0,1.090909090909091,1.090909090909091,1.090909090909091
ELF5 (mouse),1.090909090909091,2.181818181818182,0.5454545454545455,1.090909090909091,1.090909090909091,0.5454545454545455,0.0,0.5454545454545455,1.6363636363636362,0.0,1.6363636363636362,1.6363636363636362
XBP1 (human),1.090909090909091,2.181818181818182,0.5454545454545455,0.0,1.6363636363636362,1.090909090909091,0.0,0.5454545454545455,0.5454545454545455,2.181818181818182,0.5454545454545455,1.6363636363636362
SREBF2 (human),0.8727272727272727,0.43636363636363634,0.8727272727272727,1.090909090909091,1.5272727272727271,2.181818181818182,0.8727272727272727,0.6545454545454545,0.8727272727272727,0.8727272727272727,0.6545454545454545,1.090909090909091
NFIA (human),0.8674698795180723,0.5783132530120483,0.5783132530120483,1.4457831325301205,2.168674698795181,1.8795180722891567,0.7228915662650602,0.43373493975903615,0.7228915662650602,1.0120481927710843,1.1566265060240966,0.43373493975903615
RORB (human),0.8,0.8,0.8,1.3333333333333333,0.8,0.8,0.5333333333333334,1.0666666666666669,2.1333333333333337,1.3333333333333333,1.0666666666666669,0.5333333333333334
NR2F1 (human),0.8,0.8,0.8,1.3333333333333333,0.8,0.8,0.5333333333333334,1.0666666666666669,2.1333333333333337,1.3333333333333333,1.0666666666666669,0.5333333333333334
ELK4 (human),0.7741935483870968,0.7741935483870968,0.7741935483870968,1.1612903225806452,1.1612903225806452,0.3870967741935484,0.3870967741935484,0.7741935483870968,2.1290322580645165,1.5483870967741935,1.1612903225806452,0.967741935483871
FOS (human),1.1612903225806452,0.5806451612903226,0.5806451612903226,0.7741935483870968,1.741935483870968,0.7741935483870968,0.1935483870967742,1.3548387096774195,1.5483870967741935,2.1290322580645165,0.5806451612903226,0.5806451612903226
USF1 (human),1.6708860759493671,0.759493670886076,0.759493670886076,0.9113924050632912,1.518987341772152,2.126582278481013,0.4556962025316456,1.0632911392405064,0.4556962025316456,1.0632911392405064,1.0632911392405064,0.1518987341772152
Sox17 (mouse),0.7058823529411765,0.7058823529411765,1.411764705882353,1.411764705882353,1.411764705882353,0.7058823529411765,0.0,1.411764705882353,0.7058823529411765,2.11764705882353,0.0,1.411764705882353
CBEPB (human),1.368421052631579,0.9473684210526315,0.3157894736842105,0.9473684210526315,1.1578947368421053,0.5263157894736842,0.21052631578947367,1.4736842105263157,2.1052631578947367,0.631578947368421,0.8421052631578947,1.4736842105263157
IRF2 (human),1.0434782608695652,0.2608695652173913,0.5217391304347826,0.5217391304347826,0.2608695652173913,1.3043478260869565,1.565217391304348,1.565217391304348,2.0869565217391304,1.0434782608695652,0.782608695652174,1.0434782608695652
ZBTB7A (human),0.0,0.5925925925925926,0.7407407407407407,1.037037037037037,1.3333333333333333,1.037037037037037,0.7407407407407407,1.1851851851851851,1.037037037037037,2.074074074074074,1.037037037037037,1.1851851851851851
SP1 (human),0.8275862068965517,0.5517241379310345,0.5517241379310345,0.8275862068965517,2.0689655172413794,1.517241379310345,1.3793103448275863,0.8275862068965517,1.103448275862069,0.6896551724137931,1.2413793103448276,0.41379310344827586
En1 (mouse),0.5853658536585367,0.8780487804878049,0.29268292682926833,0.8780487804878049,1.1707317073170733,1.1707317073170733,1.1707317073170733,0.5853658536585367,2.0487804878048785,1.4634146341463414,0.8780487804878049,0.8780487804878049
MYC (mouse),0.9600000000000001,0.48000000000000004,0.8400000000000001,0.9600000000000001,2.0400000000000005,1.8,0.6000000000000001,1.2000000000000002,0.9600000000000001,0.6000000000000001,0.9600000000000001,0.6000000000000001
NFAT2 (human),1.1320754716981134,1.1320754716981134,0.22641509433962265,0.4528301886792453,0.4528301886792453,1.1320754716981134,1.358490566037736,2.0377358490566038,1.358490566037736,1.8113207547169812,0.679245283018868,0.22641509433962265
TEAD1 (human),0.5538461538461539,1.1076923076923078,0.7384615384615385,0.7384615384615385,1.2923076923076924,1.2923076923076924,0.5538461538461539,0.9230769230769231,0.7384615384615385,2.030769230769231,1.2923076923076924,0.7384615384615385
NR5A1 (human),2.030769230769231,0.9230769230769231,0.9230769230769231,1.1076923076923078,0.5538461538461539,0.5538461538461539,1.2923076923076924,1.476923076923077,0.9230769230769231,0.5538461538461539,1.476923076923077,0.18461538461538463
MYOG (mouse),1.4457831325301205,0.43373493975903615,1.5903614457831328,0.5783132530120483,2.0240963855421685,0.7228915662650602,0.7228915662650602,1.3012048192771086,1.0120481927710843,0.7228915662650602,1.3012048192771086,0.14457831325301207
MAX (human),1.2743362831858407,0.4247787610619469,0.7433628318584071,0.9557522123893806,1.168141592920354,2.0176991150442483,0.5309734513274337,1.168141592920354,1.168141592920354,0.7433628318584071,1.4867256637168142,0.3185840707964602
CRX (human),0.6666666666666666,1.3333333333333333,0.6666666666666666,2.0,2.0,1.3333333333333333,0.6666666666666666,1.0,0.6666666666666666,0.6666666666666666,0.6666666666666666,0.3333333333333333
GLI2 (human),1.090909090909091,0.7272727272727273,0.5454545454545455,0.7272727272727273,2.0,1.6363636363636362,1.090909090909091,1.090909090909091,1.090909090909091,0.5454545454545455,0.7272727272727273,0.7272727272727273
TP63 (human),1.0,0.5,0.75,0.75,1.7500000000000002,1.2500000000000002,0.5,2.0,1.2500000000000002,1.0,0.75,0.5
FOXO3 (human),2.0,0.0,0.0,2.0,0.0,0.0,2.0,2.0,0.0,0.0,2.0,2.0
SRF (mouse),1.2000000000000002,0.8,0.0,1.2000000000000002,1.2000000000000002,0.8,0.8,1.6,2.0,1.2000000000000002,0.8,0.4
CREB1 (human),1.2222222222222223,1.1111111111111112,0.0,1.1111111111111112,0.8888888888888888,2.0,0.7777777777777778,1.1111111111111112,0.6666666666666666,1.4444444444444444,1.0,0.6666666666666666
CEBPB (human),0.6575342465753424,0.1643835616438356,1.643835616438356,1.1506849315068493,1.643835616438356,0.9863013698630136,0.1643835616438356,1.1506849315068493,1.643835616438356,1.9726027397260273,0.6575342465753424,0.1643835616438356
IRF8 (mouse),0.7164179104477613,1.4328358208955225,0.8955223880597014,1.9701492537313434,0.7164179104477613,0.8955223880597014,1.0746268656716418,0.35820895522388063,0.7164179104477613,1.2537313432835822,1.4328358208955225,0.5373134328358209
PRDM1 (human),1.9701492537313434,0.8955223880597014,0.5373134328358209,0.5373134328358209,1.7910447761194028,1.0746268656716418,0.17910447761194032,0.7164179104477613,1.0746268656716418,1.0746268656716418,1.2537313432835822,0.8955223880597014
NR5A2 (human),1.152542372881356,0.6779661016949153,0.5423728813559322,1.2203389830508475,1.966101694915254,0.8813559322033899,0.47457627118644075,0.6779661016949153,0.8135593220338984,1.4237288135593222,1.0169491525423728,1.152542372881356
RUNX2 (human),1.309090909090909,0.8727272727272727,0.6545454545454545,0.43636363636363634,1.9636363636363636,1.309090909090909,0.8727272727272727,1.090909090909091,0.43636363636363634,1.309090909090909,0.6545454545454545,1.090909090909091
NR1I2 (human),0.4897959183673469,0.7346938775510204,0.7346938775510204,0.9795918367346939,0.9795918367346939,1.469387755102041,0.24489795918367346,0.7346938775510204,1.9591836734693877,1.7142857142857142,1.469387755102041,0.4897959183673469
Myb (mouse),0.6521739130434783,1.173913043478261,0.5217391304347826,0.9130434782608696,0.782608695652174,1.173913043478261,1.173913043478261,1.0434782608695652,1.4347826086956523,1.9565217391304348,0.6521739130434783,0.5217391304347826
TEAD4 (human),1.5,1.05,0.45,0.45,1.9500000000000002,1.5,1.05,1.35,0.75,0.6000000000000001,0.9,0.45
SP3 (human),0.9,0.75,0.30000000000000004,0.75,1.6500000000000001,1.9500000000000002,1.5,1.05,1.05,0.45,0.9,0.75
CBFB (human),0.6486486486486487,0.32432432432432434,1.6216216216216217,0.0,1.945945945945946,1.6216216216216217,0.32432432432432434,0.6486486486486487,1.6216216216216217,1.2972972972972974,1.2972972972972974,0.6486486486486487
ZBTB16 (human),1.058823529411765,0.5294117647058825,1.058823529411765,1.058823529411765,0.8823529411764707,0.5294117647058825,0.7058823529411765,1.058823529411765,0.35294117647058826,1.9411764705882355,1.9411764705882355,0.8823529411764707
E2F6 (human),0.6451612903225807,0.5161290322580646,0.3870967741935484,1.4193548387096775,1.4193548387096775,0.903225806451613,1.1612903225806452,0.903225806451613,0.903225806451613,1.935483870967742,1.1612903225806452,0.6451612903225807
FOXA2 (mouse),1.1612903225806452,0.5806451612903226,0.5806451612903226,1.1612903225806452,1.1612903225806452,1.5483870967741935,1.3548387096774195,0.5806451612903226,0.5806451612903226,1.935483870967742,0.7741935483870968,0.5806451612903226
Pax2 (mouse),0.8571428571428571,0.6428571428571429,0.42857142857142855,1.2857142857142858,1.9285714285714288,1.0714285714285716,0.6428571428571429,1.7142857142857142,1.2857142857142858,1.0714285714285716,0.42857142857142855,0.6428571428571429
UBTF (human),0.4444444444444444,1.1851851851851851,0.5925925925925926,1.037037037037037,0.5925925925925926,1.1851851851851851,0.8888888888888888,1.9259259259259258,1.4814814814814814,1.3333333333333333,0.5925925925925926,0.7407407407407407
MTF1 (human),0.2962962962962963,1.1851851851851851,0.4444444444444444,1.037037037037037,0.8888888888888888,1.4814814814814814,1.037037037037037,1.037037037037037,1.9259259259259258,0.8888888888888888,1.1851851851851851,0.5925925925925926
Gata1 (mouse),0.48000000000000004,0.8,0.48000000000000004,0.9600000000000001,1.12,0.8,1.2800000000000002,0.8,0.9600000000000001,1.44,0.9600000000000001,1.9200000000000002
ETV4 (mouse),0.38095238095238093,0.7619047619047619,0.9523809523809523,0.7619047619047619,1.5238095238095237,1.9047619047619047,0.9523809523809523,0.9523809523809523,0.9523809523809523,0.7619047619047619,1.1428571428571428,0.9523809523809523
SREBF1 (human),0.9022556390977443,0.9022556390977443,0.45112781954887216,0.7218045112781954,1.894736842105263,1.443609022556391,0.7218045112781954,1.1729323308270676,1.0827067669172932,0.9924812030075187,1.0827067669172932,0.631578947368421
RELA (mouse),0.5052631578947369,0.5052631578947369,0.631578947368421,0.7578947368421053,1.642105263157895,0.5052631578947369,1.3894736842105264,0.8842105263157894,1.5157894736842106,1.894736842105263,1.3894736842105264,0.37894736842105264
CRTC1 (human),1.1764705882352942,1.647058823529412,0.9411764705882353,1.8823529411764706,0.9411764705882353,0.47058823529411764,0.7058823529411765,0.47058823529411764,1.1764705882352942,0.9411764705882353,0.23529411764705882,1.411764705882353
BCL6 (human),1.5,0.9375,0.375,0.9375,0.9375,1.125,1.5,0.375,1.875,0.5625,1.125,0.75
ELK1 (human),0.7792207792207791,0.31168831168831174,0.935064935064935,0.7792207792207791,0.935064935064935,1.246753246753247,0.7792207792207791,1.246753246753247,1.246753246753247,1.87012987012987,0.7792207792207791,1.090909090909091
ELK1 (mouse),0.6233766233766235,1.090909090909091,0.4675324675324675,0.935064935064935,0.935064935064935,1.090909090909091,1.246753246753247,1.87012987012987,0.4675324675324675,1.246753246753247,1.7142857142857142,0.31168831168831174
ETS2 (human),0.7792207792207791,1.246753246753247,0.31168831168831174,1.246753246753247,0.4675324675324675,0.935064935064935,1.090909090909091,1.87012987012987,0.7792207792207791,0.4675324675324675,1.5584415584415583,1.246753246753247
HOXD9 (human),0.41379310344827586,0.8275862068965517,0.6206896551724138,1.2413793103448276,1.8620689655172415,0.20689655172413793,0.8275862068965517,1.6551724137931034,1.4482758620689657,1.0344827586206897,1.2413793103448276,0.6206896551724138
USF2 (human),1.44,1.0285714285714287,0.7542857142857143,0.7542857142857143,1.8514285714285714,1.2342857142857144,0.6171428571428572,1.0285714285714287,0.9600000000000001,0.8914285714285715,1.0285714285714287,0.4114285714285715
NR1H3 (human),0.23076923076923078,1.3846153846153848,0.46153846153846156,1.8461538461538463,1.153846153846154,0.9230769230769231,0.23076923076923078,0.6923076923076924,1.8461538461538463,1.6153846153846154,0.9230769230769231,0.6923076923076924
CBEPA (human),0.9230769230769231,0.0,0.18461538461538463,0.5538461538461539,1.8461538461538463,1.476923076923077,1.1076923076923078,1.476923076923077,1.476923076923077,0.9230769230769231,1.6615384615384616,0.36923076923076925
KLF13 (human),1.076923076923077,0.9230769230769231,0.15384615384615385,0.7692307692307692,1.8461538461538463,1.6923076923076923,1.076923076923077,0.7692307692307692,0.9230769230769231,1.076923076923077,1.076923076923077,0.6153846153846154
SRF (human),0.7764705882352942,0.7764705882352942,0.8470588235294118,0.7058823529411765,0.9176470588235295,0.9176470588235295,1.1294117647058823,0.9176470588235295,1.835294117647059,1.2000000000000002,1.1294117647058823,0.8470588235294118
HIF1A (human),0.8135593220338984,0.6101694915254238,0.8135593220338984,0.6101694915254238,1.4237288135593222,0.8135593220338984,1.0169491525423728,0.6101694915254238,1.0169491525423728,1.8305084745762714,1.2203389830508475,1.2203389830508475
AHR (human),0.9090909090909092,0.7272727272727273,1.272727272727273,1.090909090909091,0.18181818181818182,1.090909090909091,1.272727272727273,1.272727272727273,0.36363636363636365,1.4545454545454546,1.8181818181818183,0.5454545454545455
CREB1 (mouse),1.4545454545454546,0.7272727272727273,0.0,1.090909090909091,1.4545454545454546,1.090909090909091,0.7272727272727273,0.7272727272727273,1.090909090909091,0.7272727272727273,1.8181818181818183,1.090909090909091
JUN (mouse),0.0,0.5454545454545455,0.0,0.7272727272727273,1.8181818181818183,0.5454545454545455,1.4545454545454546,1.272727272727273,0.9090909090909092,1.4545454545454546,1.6363636363636362,1.6363636363636362
MEF2A (human),0.7433628318584071,0.8495575221238938,0.4247787610619469,0.6371681415929203,0.8495575221238938,1.3805309734513276,0.6371681415929203,1.168141592920354,1.8053097345132745,0.9557522123893806,1.4867256637168142,1.0619469026548674
EGR1 (human),0.9,0.9,1.2000000000000002,1.8,0.30000000000000004,0.9,0.30000000000000004,1.8,1.2000000000000002,0.30000000000000004,1.8,0.6000000000000001
GATA1 (human),0.5263157894736842,0.7368421052631579,0.8421052631578947,0.7368421052631579,1.0526315789473684,0.8421052631578947,0.5263157894736842,1.7894736842105263,1.263157894736842,1.7894736842105263,1.1578947368421053,0.7368421052631579
NFYA (human),0.7368421052631579,1.0526315789473684,0.42105263157894735,1.0526315789473684,1.7894736842105263,0.5263157894736842,0.9473684210526315,1.263157894736842,1.4736842105263157,1.4736842105263157,1.0526315789473684,0.21052631578947367
CBEPA (mouse),1.021276595744681,0.5106382978723405,1.021276595744681,1.021276595744681,0.7659574468085106,0.5106382978723405,1.7872340425531914,1.021276595744681,1.5319148936170213,1.7872340425531914,0.5106382978723405,0.5106382978723405
NR3C1 (mouse),0.8888888888888888,1.1111111111111112,0.2222222222222222,1.7777777777777777,1.1111111111111112,1.1111111111111112,0.6666666666666666,1.5555555555555556,0.8888888888888888,0.8888888888888888,1.3333333333333333,0.4444444444444444
GATA6 (human),1.7777777777777777,0.8888888888888888,0.2222222222222222,1.5555555555555556,0.6666666666666666,1.5555555555555556,0.4444444444444444,1.3333333333333333,1.5555555555555556,0.6666666666666666,0.6666666666666666,0.6666666666666666
NFYA (mouse),0.8888888888888888,0.6666666666666666,0.0,0.8888888888888888,1.3333333333333333,1.1111111111111112,1.1111111111111112,0.4444444444444444,1.5555555555555556,1.7777777777777777,1.3333333333333333,0.8888888888888888
NR5A2 (mouse),0.5925925925925926,0.8888888888888888,0.7407407407407407,0.2962962962962963,1.7777777777777777,1.037037037037037,1.037037037037037,1.037037037037037,1.3333333333333333,1.4814814814814814,0.5925925925925926,1.1851851851851851
LEF1 (mouse),1.772727272727273,0.6818181818181819,0.6818181818181819,1.090909090909091,1.3636363636363638,1.090909090909091,1.090909090909091,0.5454545454545455,0.8181818181818181,1.2272727272727275,0.8181818181818181,0.8181818181818181
TFAP2C (human),0.0,0.5901639344262295,0.7868852459016394,1.180327868852459,1.5737704918032789,1.7704918032786885,0.19672131147540986,0.9836065573770492,1.5737704918032789,1.377049180327869,0.5901639344262295,1.377049180327869
CACYBP (mouse),1.136842105263158,1.3894736842105264,0.8842105263157894,0.7578947368421053,1.136842105263158,0.631578947368421,0.8842105263157894,1.768421052631579,1.136842105263158,0.5052631578947369,0.7578947368421053,1.0105263157894737
RUNX1 (human),0.8470588235294118,1.411764705882353,0.49411764705882355,0.7764705882352942,1.7647058823529413,1.058823529411765,0.7764705882352942,0.9882352941176471,1.1294117647058823,1.2705882352941178,0.6352941176470589,0.8470588235294118
FOXO3A (human),0.35294117647058826,1.411764705882353,1.058823529411765,0.7058823529411765,1.058823529411765,1.058823529411765,1.411764705882353,0.7058823529411765,1.7647058823529413,0.7058823529411765,0.7058823529411765,1.058823529411765
CRTC3 (human),1.058823529411765,0.7058823529411765,0.35294117647058826,0.7058823529411765,1.411764705882353,1.058823529411765,1.411764705882353,0.7058823529411765,0.35294117647058826,0.7058823529411765,1.7647058823529413,1.7647058823529413
NR5A1 (mouse),0.8780487804878049,0.5853658536585367,0.8780487804878049,1.4634146341463414,0.8780487804878049,1.7560975609756098,0.8780487804878049,1.7560975609756098,1.4634146341463414,0.29268292682926833,0.5853658536585367,0.5853658536585367
MIR133B (human),1.1707317073170733,1.0243902439024393,1.4634146341463414,0.8780487804878049,1.0243902439024393,0.29268292682926833,0.8780487804878049,1.3170731707317074,1.7560975609756098,1.1707317073170733,0.7317073170731707,0.29268292682926833
SP1 (mouse),0.7883211678832117,0.5255474452554745,0.6131386861313869,0.7883211678832117,0.7007299270072993,1.051094890510949,0.9635036496350365,1.4014598540145986,1.2262773722627738,1.3138686131386863,1.751824817518248,0.875912408759124
APEX1 (human),1.7454545454545454,0.6545454545454545,0.6545454545454545,1.7454545454545454,1.309090909090909,0.6545454545454545,0.6545454545454545,0.43636363636363634,0.8727272727272727,0.8727272727272727,1.090909090909091,1.309090909090909
CPEB1 (mouse),1.090909090909091,0.43636363636363634,0.0,0.8727272727272727,1.309090909090909,0.8727272727272727,1.090909090909091,0.6545454545454545,1.5272727272727271,1.7454545454545454,1.309090909090909,1.090909090909091
YY1 (mouse),0.5783132530120483,0.5783132530120483,0.7228915662650602,1.1566265060240966,1.7349397590361446,1.5903614457831328,0.7228915662650602,1.1566265060240966,0.8674698795180723,0.43373493975903615,1.7349397590361446,0.7228915662650602
NR3C1 (human),1.3333333333333333,1.0666666666666669,0.6666666666666666,0.5333333333333334,1.4666666666666668,1.3333333333333333,0.5333333333333334,0.5333333333333334,1.7333333333333332,0.8,0.9333333333333333,1.0666666666666669
CBEPB (mouse),1.2371134020618557,0.7422680412371134,0.12371134020618557,0.7422680412371134,0.9896907216494846,0.9896907216494846,0.8659793814432989,1.4845360824742269,1.7319587628865978,1.3608247422680413,0.8659793814432989,0.8659793814432989
TFAP2A (mouse),0.8076923076923077,0.46153846153846156,1.153846153846154,1.153846153846154,1.7307692307692306,1.7307692307692306,0.576923076923077,0.8076923076923077,1.2692307692307694,0.576923076923077,1.0384615384615385,0.6923076923076924
RORB (mouse),0.0,1.3714285714285714,0.0,0.34285714285714286,1.0285714285714287,1.3714285714285714,1.0285714285714287,1.0285714285714287,1.7142857142857142,1.7142857142857142,1.7142857142857142,0.6857142857142857
PGR (human),0.8571428571428571,0.5142857142857143,0.6857142857142857,1.2000000000000002,1.3714285714285714,1.2000000000000002,0.17142857142857143,1.7142857142857142,1.2000000000000002,1.0285714285714287,0.8571428571428571,1.2000000000000002
STAT5B (human),0.7792207792207791,0.6233766233766235,0.4675324675324675,0.7792207792207791,1.246753246753247,0.15584415584415587,0.935064935064935,1.246753246753247,1.5584415584415583,1.7142857142857142,1.4025974025974026,1.090909090909091
SPI1 (human),1.3714285714285714,0.8571428571428571,0.5142857142857143,0.8571428571428571,1.0285714285714287,1.2000000000000002,0.5142857142857143,1.0285714285714287,0.5142857142857143,1.5428571428571427,1.7142857142857142,0.8571428571428571
NFYB (mouse),1.2857142857142858,0.42857142857142855,0.0,0.8571428571428571,1.2857142857142858,0.8571428571428571,1.0714285714285716,0.6428571428571429,1.5,1.7142857142857142,1.2857142857142858,1.0714285714285716
HMGA1 (human),1.0714285714285716,0.42857142857142855,0.8571428571428571,0.8571428571428571,0.6428571428571429,0.6428571428571429,1.5,1.0714285714285716,1.7142857142857142,1.7142857142857142,0.42857142857142855,1.0714285714285716
RXRA (human),0.38095238095238093,0.38095238095238093,0.7619047619047619,0.9523809523809523,1.3333333333333333,1.5238095238095237,1.1428571428571428,1.1428571428571428,1.7142857142857142,0.7619047619047619,1.5238095238095237,0.38095238095238093
NR2F1 (mouse),0.0,1.3714285714285714,0.0,0.34285714285714286,1.0285714285714287,1.3714285714285714,1.0285714285714287,1.0285714285714287,1.7142857142857142,1.7142857142857142,1.7142857142857142,0.6857142857142857
MIR138 (human),1.0285714285714287,0.6857142857142857,0.6857142857142857,1.2000000000000002,0.8571428571428571,1.3714285714285714,1.0285714285714287,1.3714285714285714,1.0285714285714287,0.8571428571428571,1.7142857142857142,0.17142857142857143
IKZF1 (mouse),0.7058823529411765,1.411764705882353,0.8470588235294118,1.1294117647058823,1.2705882352941178,1.1294117647058823,0.9882352941176471,0.5647058823529412,1.6941176470588235,0.8470588235294118,0.8470588235294118,0.5647058823529412
RELB (human),0.46153846153846156,0.7692307692307692,0.6153846153846154,0.9230769230769231,1.6923076923076923,1.2307692307692308,0.9230769230769231,1.2307692307692308,0.9230769230769231,0.6153846153846154,1.3846153846153848,1.2307692307692308
NRF1 (mouse),1.0140845070422535,0.8450704225352114,1.6901408450704227,1.0140845070422535,1.1830985915492958,1.0140845070422535,0.8450704225352114,0.5070422535211268,1.0140845070422535,0.8450704225352114,1.3521126760563382,0.6760563380281691
NFATC3 (mouse),0.9375,1.125,0.375,1.3125,1.125,0.75,0.5625,0.9375,1.6875,0.75,1.3125,1.125
ESR1 (human),0.9375,0.75,0.75,0.375,1.125,1.3125,1.125,1.3125,1.6875,1.3125,0.75,0.5625
CEBPD (human),0.42105263157894735,0.631578947368421,0.8421052631578947,0.8421052631578947,0.8421052631578947,1.263157894736842,0.42105263157894735,1.6842105263157894,1.263157894736842,1.4736842105263157,1.263157894736842,1.0526315789473684
TCFAP2A (human),0.5161290322580646,0.3870967741935484,0.6451612903225807,0.903225806451613,1.6774193548387095,1.1612903225806452,0.6451612903225807,0.903225806451613,1.1612903225806452,1.6774193548387095,1.6774193548387095,0.6451612903225807
MZF1 1-4 (human),0.9391304347826088,1.1478260869565218,0.7304347826086958,1.356521739130435,0.9391304347826088,1.6695652173913045,0.7304347826086958,0.3130434782608696,1.4608695652173915,1.356521739130435,0.9391304347826088,0.4173913043478261
NFIC (human),1.1076923076923078,0.8,0.49230769230769234,0.7384615384615385,1.6615384615384616,0.8615384615384615,0.8615384615384615,1.1076923076923078,0.9846153846153847,1.476923076923077,1.0461538461538462,0.8615384615384615
POU1F1 (mouse),1.2000000000000002,1.6500000000000001,0.15000000000000002,0.45,1.2000000000000002,1.2000000000000002,1.35,0.9,1.05,0.9,1.5,0.45
TEAD2 (human),1.1764705882352942,1.058823529411765,0.5882352941176471,0.7058823529411765,1.058823529411765,0.823529411764706,1.058823529411765,1.411764705882353,1.647058823529412,0.9411764705882353,0.7058823529411765,0.823529411764706
PLAU (human),0.821917808219178,0.6575342465753424,0.0,0.821917808219178,1.1506849315068493,1.4794520547945205,0.821917808219178,1.1506849315068493,0.9863013698630136,1.643835616438356,0.9863013698630136,1.4794520547945205
HNF1A (human),1.263157894736842,1.263157894736842,1.136842105263158,0.8842105263157894,1.642105263157895,0.7578947368421053,0.37894736842105264,0.7578947368421053,1.263157894736842,1.263157894736842,0.631578947368421,0.7578947368421053
HNF4A (human),0.6545454545454545,1.6363636363636362,0.7636363636363636,0.6545454545454545,1.309090909090909,0.9818181818181818,0.7636363636363636,1.090909090909091,0.8727272727272727,1.5272727272727271,1.309090909090909,0.43636363636363634
MIB2 (human),0.7407407407407407,0.7407407407407407,0.8888888888888888,1.6296296296296295,1.037037037037037,0.7407407407407407,0.7407407407407407,0.8888888888888888,1.4814814814814814,1.3333333333333333,1.1851851851851851,0.5925925925925926
RARA (human),0.8135593220338984,1.4237288135593222,0.6101694915254238,1.2203389830508475,0.8135593220338984,1.6271186440677967,0.6101694915254238,1.0169491525423728,1.0169491525423728,1.2203389830508475,1.2203389830508475,0.4067796610169492
Stat3 (mouse),1.0169491525423728,1.2203389830508475,0.8135593220338984,0.6101694915254238,1.4237288135593222,1.4237288135593222,0.8135593220338984,0.8135593220338984,1.2203389830508475,1.6271186440677967,0.6101694915254238,0.4067796610169492
WT1 (human),0.8120300751879699,0.7218045112781954,0.7218045112781954,0.9022556390977443,1.263157894736842,1.263157894736842,0.8120300751879699,0.9022556390977443,0.9022556390977443,1.5338345864661653,1.6240601503759398,0.5413533834586466
PITX2 (human),1.1729323308270676,0.9924812030075187,0.9924812030075187,1.0827067669172932,1.0827067669172932,0.5413533834586466,1.0827067669172932,0.5413533834586466,1.6240601503759398,0.9022556390977443,1.0827067669172932,0.9022556390977443
MZF1 (human),1.6216216216216217,0.8108108108108109,0.6486486486486487,1.4594594594594597,1.6216216216216217,1.4594594594594597,0.972972972972973,0.972972972972973,0.8108108108108109,0.4864864864864865,0.4864864864864865,0.6486486486486487
ATF2 (human),1.2972972972972974,1.1351351351351353,0.8108108108108109,0.4864864864864865,0.8108108108108109,1.6216216216216217,0.16216216216216217,0.972972972972973,0.8108108108108109,1.6216216216216217,1.2972972972972974,0.972972972972973
ETV4 (human),0.4864864864864865,1.6216216216216217,0.0,1.6216216216216217,1.2972972972972974,1.2972972972972974,0.8108108108108109,0.8108108108108109,0.8108108108108109,1.2972972972972974,1.6216216216216217,0.32432432432432434
TFAP2D (human),1.0,1.6,0.8,1.2000000000000002,1.4000000000000001,1.2000000000000002,0.0,1.4000000000000001,0.6000000000000001,0.8,1.4000000000000001,0.6000000000000001
JUND (mouse),1.2000000000000002,0.8,0.4,1.0,1.6,1.6,1.0,0.4,1.4000000000000001,0.8,1.2000000000000002,0.6000000000000001
STAT5B (mouse),0.8,0.8,0.6400000000000001,0.9600000000000001,1.44,1.6,0.8,0.9600000000000001,1.12,0.8,1.44,0.6400000000000001
ATF4 (human),0.8674698795180723,0.5783132530120483,0.43373493975903615,0.7228915662650602,1.3012048192771086,1.5903614457831328,0.8674698795180723,1.3012048192771086,0.5783132530120483,1.3012048192771086,1.3012048192771086,1.1566265060240966
STAT3 (human),0.6176470588235294,0.5294117647058825,0.5294117647058825,0.44117647058823534,1.3235294117647058,0.7058823529411765,1.058823529411765,1.3235294117647058,1.411764705882353,1.5882352941176472,1.5882352941176472,0.8823529411764707
ARNT (human),0.631578947368421,0.47368421052631576,0.9473684210526315,0.9473684210526315,0.9473684210526315,1.4210526315789473,0.631578947368421,0.9473684210526315,1.4210526315789473,1.5789473684210527,1.263157894736842,0.7894736842105263
TBP (human),0.6060606060606061,1.2121212121212122,0.4848484848484849,0.8484848484848485,1.3333333333333333,1.090909090909091,0.9696969696969698,0.8484848484848485,0.9696969696969698,1.090909090909091,1.575757575757576,0.9696969696969698
ZNF281 (human),1.180327868852459,1.180327868852459,0.3934426229508197,0.5901639344262295,0.9836065573770492,1.377049180327869,0.3934426229508197,1.377049180327869,0.9836065573770492,0.7868852459016394,1.5737704918032789,1.180327868852459
MYOG (human),0.5901639344262295,0.3934426229508197,0.7868852459016394,0.9836065573770492,0.9836065573770492,0.9836065573770492,1.180327868852459,1.377049180327869,0.9836065573770492,1.180327868852459,0.9836065573770492,1.5737704918032789
SND1 (human),1.0,0.8571428571428571,0.5714285714285714,1.1428571428571428,1.0,0.7142857142857143,1.5714285714285716,1.5714285714285716,0.7142857142857143,1.4285714285714286,0.7142857142857143,0.7142857142857143
KLF5 (human),1.0,0.7142857142857143,0.5714285714285714,0.8571428571428571,1.1428571428571428,1.1428571428571428,1.2857142857142858,0.8571428571428571,0.7142857142857143,1.1428571428571428,1.5714285714285716,1.0
PCBP1 (human),0.6521739130434783,0.5217391304347826,0.782608695652174,0.5217391304347826,1.4347826086956523,1.4347826086956523,1.3043478260869565,1.565217391304348,1.173913043478261,1.0434782608695652,1.173913043478261,0.391304347826087
REL (mouse),0.8695652173913044,0.5217391304347826,0.8695652173913044,0.5217391304347826,1.2173913043478262,1.3913043478260871,0.8695652173913044,1.565217391304348,1.0434782608695652,0.6956521739130436,1.2173913043478262,1.2173913043478262
GATA3 (human),0.9600000000000001,0.72,0.72,0.9600000000000001,1.2000000000000002,1.56,0.72,1.44,1.32,1.08,0.6000000000000001,0.72
FOXL1 (human),1.0200000000000002,0.8400000000000001,0.54,0.9600000000000001,0.9600000000000001,1.32,0.8400000000000001,1.08,1.0200000000000002,1.0200000000000002,1.56,0.8400000000000001
NFE2 (human),0.816326530612245,0.816326530612245,0.326530612244898,0.816326530612245,1.5510204081632655,1.306122448979592,0.8979591836734694,0.9795918367346939,1.2244897959183674,1.3877551020408165,1.0612244897959184,0.816326530612245
ARID3A (mouse),1.2000000000000002,0.8571428571428571,0.34285714285714286,1.0285714285714287,0.8571428571428571,1.0285714285714287,1.0285714285714287,0.5142857142857143,1.2000000000000002,1.5428571428571427,1.5428571428571427,0.8571428571428571
JUN (human),1.5428571428571427,0.8571428571428571,0.6000000000000001,1.1142857142857143,1.4571428571428573,0.7714285714285714,0.6000000000000001,0.6000000000000001,1.4571428571428573,1.5428571428571427,0.5142857142857143,0.9428571428571428
TP53 (mouse),0.9230769230769231,1.5384615384615383,0.6153846153846154,1.2307692307692308,1.5384615384615383,0.9230769230769231,0.6153846153846154,0.9230769230769231,1.2307692307692308,0.3076923076923077,0.6153846153846154,1.5384615384615383
RBPJ (mouse),0.9767441860465117,0.27906976744186046,0.6976744186046512,0.6976744186046512,1.5348837209302326,0.9767441860465117,1.1162790697674418,0.9767441860465117,1.5348837209302326,1.3953488372093024,1.5348837209302326,0.27906976744186046
JUND (human),1.090909090909091,0.6545454545454545,0.21818181818181817,0.8727272727272727,1.309090909090909,0.43636363636363634,1.5272727272727271,1.090909090909091,1.5272727272727271,1.5272727272727271,0.6545454545454545,1.090909090909091
FOXA1 (human),0.8727272727272727,1.309090909090909,0.6545454545454545,0.8727272727272727,1.5272727272727271,0.6545454545454545,0.8727272727272727,0.8727272727272727,1.309090909090909,0.8727272727272727,1.5272727272727271,0.6545454545454545
SREBF1 (mouse),1.1428571428571428,0.5714285714285714,0.0,1.1428571428571428,1.1428571428571428,1.5238095238095237,1.3333333333333333,0.5714285714285714,1.5238095238095237,1.5238095238095237,0.7619047619047619,0.7619047619047619
SP3 (mouse),0.6760563380281691,1.0140845070422535,0.33802816901408456,1.5211267605633803,1.1830985915492958,0.6760563380281691,1.1830985915492958,1.0140845070422535,1.3521126760563382,0.6760563380281691,1.1830985915492958,1.1830985915492958
EGR1 (mouse),0.7578947368421053,0.8842105263157894,0.631578947368421,0.631578947368421,1.263157894736842,0.8842105263157894,0.8842105263157894,1.263157894736842,1.5157894736842106,1.136842105263158,1.3894736842105264,0.7578947368421053
TBP (mouse),1.136842105263158,1.0105263157894737,0.12631578947368421,1.5157894736842106,0.8842105263157894,1.136842105263158,1.263157894736842,0.8842105263157894,1.3894736842105264,1.136842105263158,0.8842105263157894,0.631578947368421
LEF1 (human),1.514018691588785,1.2336448598130842,0.6728971962616823,0.8411214953271028,1.177570093457944,0.9532710280373832,0.5046728971962617,0.897196261682243,1.0654205607476637,1.1214953271028039,1.177570093457944,0.8411214953271028
POU2F2 (human),0.8333333333333334,0.75,0.6666666666666666,1.0,0.8333333333333334,0.6666666666666666,0.8333333333333334,1.3333333333333333,1.5,1.4166666666666667,1.0833333333333335,1.0833333333333335
FOS (mouse),0.75,0.75,0.5625,1.3125,1.3125,1.5,0.5625,0.5625,0.75,1.5,0.9375,1.5
THRB (human),0.5357142857142858,0.75,0.75,0.75,0.8571428571428571,1.2857142857142858,1.2857142857142858,0.9642857142857144,1.2857142857142858,1.5,1.0714285714285716,0.9642857142857144
IRF8 (human),1.0,0.5,0.8333333333333334,0.6666666666666666,1.3333333333333333,1.1666666666666667,0.8333333333333334,1.0,1.3333333333333333,1.5,0.8333333333333334,1.0
FOXD1 (human),1.5,0.0,0.0,1.5,0.0,1.5,1.5,1.5,0.0,1.5,1.5,1.5
FOXJ1 (human),1.0,0.6666666666666666,0.8333333333333334,1.1666666666666667,1.3333333333333333,0.6666666666666666,1.5,0.6666666666666666,1.1666666666666667,1.3333333333333333,0.8333333333333334,0.8333333333333334
POU2F1 (human),0.75,0.375,0.5625,1.3125,1.125,0.5625,1.3125,1.125,1.5,1.3125,1.5,0.5625
SAMD9L (human),1.5,1.5,0.75,1.5,1.125,0.9375,0.1875,0.9375,0.9375,0.75,1.5,0.375
PRDM1 (mouse),1.5,1.5,1.5,1.5,0.0,1.5,0.0,0.0,1.5,1.5,0.0,1.5
E2F1 (human),0.7725321888412017,0.5150214592274679,0.46351931330472107,0.9785407725321889,1.0815450643776825,1.0815450643776825,0.6180257510729614,1.3390557939914165,1.0815450643776825,1.4935622317596569,1.4935622317596569,1.0815450643776825
PPARG (human),0.7843137254901962,1.019607843137255,0.627450980392157,0.9411764705882353,1.1764705882352942,0.7843137254901962,1.019607843137255,1.019607843137255,1.0980392156862746,1.4901960784313726,1.1764705882352942,0.8627450980392156
TEAD2 (mouse),0.8659793814432989,0.9896907216494846,0.7422680412371134,0.9896907216494846,0.9896907216494846,1.1134020618556701,0.7422680412371134,1.2371134020618557,1.4845360824742269,0.8659793814432989,1.2371134020618557,0.7422680412371134
ETS1 (mouse),1.4831460674157304,0.8089887640449438,0.4044943820224719,0.8089887640449438,1.2134831460674158,1.348314606741573,1.2134831460674158,0.5393258426966292,0.5393258426966292,1.348314606741573,0.9438202247191011,1.348314606741573
TFAP2A (human),0.8089887640449438,0.33707865168539325,0.6067415730337079,0.9438202247191011,1.4831460674157304,1.4831460674157304,0.9438202247191011,1.1460674157303372,1.2808988764044944,1.4157303370786518,0.8089887640449438,0.7415730337078652
JDP2 (human),0.5925925925925926,1.4814814814814814,0.2962962962962963,0.5925925925925926,1.3333333333333333,1.4814814814814814,0.8888888888888888,1.3333333333333333,1.1851851851851851,0.5925925925925926,0.7407407407407407,1.4814814814814814
LTF (human),0.821917808219178,0.6575342465753424,1.1506849315068493,0.821917808219178,1.3150684931506849,1.1506849315068493,0.6575342465753424,1.1506849315068493,0.9863013698630136,1.1506849315068493,1.4794520547945205,0.6575342465753424
STAT1 (human),1.476923076923077,0.7384615384615385,0.36923076923076925,0.5538461538461539,1.1076923076923078,1.2923076923076924,1.2923076923076924,1.2923076923076924,0.9230769230769231,0.9230769230769231,0.9230769230769231,1.1076923076923078
ZFHX3 (human),1.4736842105263157,0.42105263157894735,0.631578947368421,0.631578947368421,1.0526315789473684,1.263157894736842,1.0526315789473684,1.263157894736842,0.631578947368421,1.263157894736842,1.0526315789473684,1.263157894736842
POU2F2 (mouse),0.972972972972973,0.972972972972973,0.6486486486486487,1.1351351351351353,1.4594594594594597,0.972972972972973,1.2972972972972974,0.8108108108108109,1.2972972972972974,0.8108108108108109,0.8108108108108109,0.8108108108108109
NFKB1 (mouse),0.8,0.7272727272727273,0.6545454545454545,0.9454545454545454,1.4545454545454546,1.090909090909091,0.8,1.2363636363636363,0.8727272727272727,1.381818181818182,0.8,1.2363636363636363
Prrx2 (mouse),1.4545454545454546,1.090909090909091,0.36363636363636365,0.9090909090909092,1.090909090909091,0.7272727272727273,0.7272727272727273,0.7272727272727273,1.4545454545454546,1.090909090909091,1.4545454545454546,0.9090909090909092
YY1 (human),0.967741935483871,0.870967741935484,0.1935483870967742,0.5322580645161291,1.0645161290322582,1.403225806451613,0.7258064516129032,0.9193548387096775,1.306451612903226,1.4516129032258065,1.403225806451613,1.1612903225806452
MAPK14 (human),1.2413793103448276,1.2413793103448276,0.6206896551724138,0.6206896551724138,1.4482758620689657,1.0344827586206897,1.0344827586206897,1.4482758620689657,0.6206896551724138,0.41379310344827586,1.4482758620689657,0.8275862068965517
TCF4 (human),0.8442211055276382,0.8442211055276382,0.4824120603015076,1.0251256281407035,1.206030150753769,1.085427135678392,0.7839195979899498,0.9045226130653266,1.4472361809045227,1.085427135678392,1.4472361809045227,0.8442211055276382
REPIN1 (human),0.8,0.8,1.44,1.2800000000000002,0.8,1.44,0.8,0.9600000000000001,0.8,1.12,0.8,0.9600000000000001
SPI1 (mouse),0.6400000000000001,0.8,0.8,1.44,1.44,1.12,1.2800000000000002,0.8,1.12,0.6400000000000001,1.12,0.8
HIF1A (mouse),0.5714285714285714,0.5714285714285714,0.8571428571428571,0.5714285714285714,1.4285714285714286,1.1428571428571428,1.1428571428571428,0.2857142857142857,1.4285714285714286,1.4285714285714286,1.4285714285714286,1.1428571428571428
BRCA1 (human),1.2203389830508475,1.4237288135593222,1.0169491525423728,0.8135593220338984,1.0169491525423728,1.2203389830508475,0.0,1.0169491525423728,1.0169491525423728,1.4237288135593222,1.4237288135593222,0.4067796610169492
SMARCA2 (human),1.411764705882353,1.2705882352941178,0.4235294117647059,0.7058823529411765,0.5647058823529412,0.7058823529411765,0.8470588235294118,1.1294117647058823,1.1294117647058823,1.2705882352941178,1.411764705882353,1.1294117647058823
TP53 (human),0.5294117647058825,0.7058823529411765,0.9705882352941178,0.8823529411764707,1.2352941176470589,1.411764705882353,0.35294117647058826,1.3235294117647058,1.058823529411765,1.3235294117647058,1.1470588235294117,1.058823529411765
RELA (human),0.2482758620689655,1.1586206896551725,0.41379310344827586,1.406896551724138,1.3241379310344827,1.0758620689655174,0.9103448275862069,1.1586206896551725,0.993103448275862,1.3241379310344827,1.1586206896551725,0.8275862068965517
ETS1 (human),0.897196261682243,0.897196261682243,0.7850467289719626,0.9532710280373832,1.4018691588785048,0.897196261682243,0.897196261682243,1.4018691588785048,1.2336448598130842,1.2897196261682244,0.6728971962616823,0.6728971962616823
PITX1 (human),1.1162790697674418,0.8372093023255814,0.5581395348837209,0.8372093023255814,1.3953488372093024,0.8372093023255814,0.0,1.3953488372093024,1.3953488372093024,1.3953488372093024,1.3953488372093024,0.8372093023255814
E2F1 (mouse),0.88,0.8,0.56,0.9600000000000001,0.72,1.2000000000000002,1.2000000000000002,1.04,1.04,1.36,1.2800000000000002,0.9600000000000001
NFKB1 (human),0.6101694915254238,0.8135593220338984,1.0847457627118644,1.288135593220339,1.3559322033898307,1.3559322033898307,0.8813559322033899,1.288135593220339,0.8813559322033899,0.9491525423728815,0.9491525423728815,0.5423728813559322
SMAD4 (human),1.1830985915492958,0.6760563380281691,0.8450704225352114,0.8450704225352114,1.3521126760563382,0.6760563380281691,0.8450704225352114,1.0140845070422535,1.0140845070422535,1.1830985915492958,1.1830985915492958,1.1830985915492958
HINFP (human),0.8944099378881988,0.8944099378881988,0.4472049689440994,0.8198757763975156,1.267080745341615,1.267080745341615,1.3416149068322982,0.7453416149068324,0.8944099378881988,1.3416149068322982,1.0434782608695652,1.0434782608695652
HMGA1 (mouse),1.1111111111111112,1.3333333333333333,1.1111111111111112,0.8888888888888888,0.8888888888888888,0.4444444444444444,1.1111111111111112,1.3333333333333333,0.4444444444444444,1.3333333333333333,0.8888888888888888,1.1111111111111112
RBPJ (human),1.0243902439024393,0.8780487804878049,0.7317073170731707,0.29268292682926833,1.3170731707317074,1.3170731707317074,1.0243902439024393,0.8780487804878049,1.1707317073170733,1.1707317073170733,1.0243902439024393,1.1707317073170733
HOXA5 (human),1.0,0.7000000000000001,0.6000000000000001,1.1,1.0,1.1,0.8,1.2000000000000002,1.1,1.3,1.1,1.0
FOXA1 (mouse),0.972972972972973,0.8108108108108109,1.1351351351351353,0.6486486486486487,1.2972972972972974,0.6486486486486487,1.1351351351351353,1.2972972972972974,1.2972972972972974,0.972972972972973,0.6486486486486487,1.1351351351351353
GATA2 (human),0.9789473684210527,0.9157894736842106,0.631578947368421,0.6947368421052632,1.2947368421052632,1.168421052631579,0.9473684210526315,1.136842105263158,0.9157894736842106,1.168421052631579,1.2000000000000002,0.9473684210526315
GFI1 (human),0.7659574468085106,1.021276595744681,1.2765957446808511,1.2765957446808511,0.7659574468085106,1.2765957446808511,1.021276595744681,1.2765957446808511,0.5106382978723405,1.021276595744681,0.5106382978723405,1.2765957446808511
FOXC1 (human),0.967741935483871,0.7741935483870968,0.6048387096774194,0.9919354838709677,1.0161290322580645,1.0161290322580645,1.0161290322580645,1.0645161290322582,1.2096774193548387,1.2580645161290325,1.185483870967742,0.8951612903225807
ELF3 (human),0.6233766233766235,1.090909090909091,1.246753246753247,0.935064935064935,1.090909090909091,0.935064935064935,1.246753246753247,1.090909090909091,0.935064935064935,0.935064935064935,1.090909090909091,0.7792207792207791
