tf_motif,num_genes,member_genes,max_lrt,peak_bin,circ_mean_hour,circ_std_hour,peak_hour
ETV4 (human),19,Lgmn;Ciao1;Mbd1;Slc29a1;Pdcd4;Pfkfb3;Ccdc85b;Tspan4;Ndufb10;Plec;Atp2b2;Gabpb1;Nr2c2ap;Smc4;Cdkn2c;Hmgn2;Myh11;Aldh3a1;Gpsm3,5.684210526315789,3,7.764417552126107,3.507230503062523,7.0
NR1H2 (human),11,Nr1d2;Aif1l;Ehd2;Mrpl27;Yipf2;Flnb;Arpc3;Mcm6;Gch1;Ccdc157;Acyp2,5.454545454545455,4,7.301027976587441,5.477715419165133,9.0
AHR (mouse),10,Il20rb;Dynll1;Rilpl2;Ptgs2;Golm1;Fbxo34;Dstn;Aldh3a1;Pyroxd1;Chchd2,4.800000000000001,3,7.9652076266480645,4.281513237441421,7.0
MYB (human),15,Ptgs2;Golm1;Cyb5a;Commd2;Churc1;Dctn6;Gabpb1;Fmo2;Tap2;Ascc3;Ifitm3;Maged2;Mgst1;Cbr1;Cxcl1,4.800000000000001,3,5.714305695116111,3.766997608609014,7.0
EGR1 (human),8,Nr1d2;Apold1;Nacc1;Ndufa4;Arfgap1;Nudt4;Ctnna1;Plec,4.5,7,14.7622938493076,5.144322819378479,15.0
NR2F1 (mouse),11,Gstm1;Med28;Cdc42ep5;Pfkfb3;Slc25a3;Tspan4;Nhlrc3;Nr2c2ap;Mgst3;Clic4;Ebpl,4.363636363636364,2,5.948606964528378,4.075055042650911,5.0
RORB (mouse),11,Gstm1;Med28;Cdc42ep5;Pfkfb3;Slc25a3;Tspan4;Nhlrc3;Nr2c2ap;Mgst3;Clic4;Ebpl,4.363636363636364,2,5.948606964528378,4.075055042650911,5.0
FOXO3A (mouse),11,Nhlrc3;Tmem158;Tap2;Pdcd4;Flnb;Smarca2;Prpf40b;Tmed10;Mrps16;Ndufb10;Chchd2,4.363636363636364,2,4.994667620096083,3.9608112369224537,5.0
E2F4 (human),6,Mgst3;Cyb5r4;Prpf40a;Apold1;Ubfd1;Mcm6,4.0,2,7.522172487134029,6.468666782532488,5.0
SRY (human),6,Cmklr1;Gstm1;Wdr12;Mall;Gnpda2;Acsf2,4.0,11,3.6842182870905607,5.519896447433043,23.0
NFATC3 (mouse),21,Samd4;Pdcd4;Ndufaf3;Hs3st1;Vcam1;Otud4;Plk3;Snapin;Wdr12;Cebpd;Lmo2;Lmo4;Atp5g1;Haghl;Mrpl17;Ikbip;Lefty1;Tmed10;Bmyc;Ankrd40;Itgb3bp,4.0,3,6.293403012892113,4.759231959083589,7.0
USF1 (mouse),18,Psmb9;Klf15;Ciao1;Uqcrb;Commd4;Cd40;Dnajb11;Plec;Atp2b2;Usf1;Tef;Stmn1;Tap2;Maged2;Krt18;Dtymk;Ctnna1;Tgfb2,4.0,1,4.869224316508351,5.8969382418959055,3.0
ATF2 (human),28,Dll1;Aif1l;Cyb5r4;Scp2;Fos;Snx17;Mfng;Nip7;Arpc3;Cdc42ep5;Commd6;Fam3c;Txn2;Cd9;Nr1d2;Ehd2;Rnh1;Fmo2;Rnf125;Fgd4;Thbd;Cmc1;Tmed4;Sptbn1;Tgfb2;Lmo4;Acyp2;Rbm3,3.8571428571428577,2,4.9276339803056,5.224783724223765,5.0
MYC (human),25,Haghl;Klf15;Med28;Arl2;Ppa2;Commd4;Klk10;Per3;Per1;Stbd1;Fam3c;Cd81;Ndufs5;Plec;Rtp4;Slc50a1;Tef;Nr1d1;Nr1d2;Stmn1;Thbd;Cbr1;Cope;Sgta;Trappc6a,3.8400000000000003,1,6.418633899900066,4.2185193048013225,3.0
SREBF1 (mouse),19,Gstm1;Sufu;Dnajb11;Dennd4a;Nav2;St3gal5;Fgd4;Tcerg1;Maged2;Pycr2;Trappc6a;Atp5g1;Mrpl38;Commd4;Commd6;Per3;Per1;Atp2b4;Rpl10,3.789473684210526,1,6.4613495420863005,5.263243813322026,3.0
IRF2 (mouse),16,Crlf2;Ppa2;Prpf40a;Vcam1;Snapin;Ascc3;Mcm6;Lemd3;Lmo2;Cope;Ptgs2;Ubfd1;Dbnl;Dolk;Ier3;Sgta,3.75,3,7.42158447688768,4.818067737554094,7.0
HNF4A (human),36,Lgmn;Scp2;Ccdc3;Fos;Snx17;Mfng;Mrps16;Dync1h1;Sufu;Otud4;Ndufb10;Nav2;Pld3;Nr1d2;Elk3;Tcerg1;P4ha1;Tmed4;Lmo2;Rbm3;Slc29a1;Rnaseh2b;Flna;Pfkfb3;Atp5j;St6gal1;Commd2;Cd40;Gch1;Per1;Gabpb1;Fmo1;Plcb1;Erh;Il3ra;Guf1,3.666666666666667,3,8.204992490427905,4.568708210061752,7.0
FOXA2 (mouse),23,Pon2;Sult1a1;Mbd1;Slc29a1;Cenpb;Zbtb16;Apeh;Uqcrb;Ip6k2;Hhex;Commd2;Tmed10;Sufu;Ndufb10;Rpl10;Lbp;Uqcr10;Maged2;P4ha1;Parp2;Tgfb2;Itgb3bp;Arhgdib,3.6521739130434785,1,5.473657569783327,5.185463226054828,3.0
CPEB1 (mouse),20,Mrps16;Sufu;Dennd4a;Nav2;St3gal5;Fgd4;Tcerg1;Maged2;Dtymk;Pycr2;Trappc6a;Atp5g1;Mrpl38;Commd4;Commd6;Per3;Per1;Atp2b4;Rpl10;Bzw2,3.6,1,5.715250716626077,4.805068725931265,3.0
NFYB (mouse),20,Mrps16;Sufu;Dennd4a;Nav2;St3gal5;Fgd4;Tcerg1;Maged2;Dtymk;Pycr2;Trappc6a;Atp5g1;Mrpl38;Commd4;Commd6;Per3;Per1;Atp2b4;Rpl10;Bzw2,3.6,1,5.715250716626077,4.805068725931265,3.0
NFYA (mouse),20,Mrps16;Sufu;Dennd4a;Nav2;St3gal5;Fgd4;Tcerg1;Maged2;Dtymk;Pycr2;Trappc6a;Atp5g1;Mrpl38;Commd4;Commd6;Per3;Per1;Atp2b4;Rpl10;Bzw2,3.6,1,5.715250716626077,4.805068725931265,3.0
POU2F1 (human),20,Mrpl17;Il20rb;Ikbip;Dynll1;Snx18;Slc29a1;Uqcrb;Etfb;Tagln;Tmed10;Dbnl;Pld3;Churc1;Thyn1;Timm9;Phldb2;Ascc3;Parp2;Acyp2;Clock,3.6,1,2.2077001396270406,4.105512152670184,3.0
LEF1 (human),64,Gstm1;Ech1;Ndufaf3;Mrps16;Tmem176b;Dync1h1;Sufu;Fam3c;Hs3st1;Plec;Pld3;Usf1;St3gal5;Ifitm2;Tcerg1;Acyp2;Atp1b1;Arhgdib;Rbp1;Slc29a1;Commd4;Commd2;Art4;Klk10;Gch1;Stbd1;Slc50a1;Thyn1;Rnf125;Tmem158;Tmem141;Tap2;Erh;Vipr1;Tgfb2;Acsf2;Sgta;Itgb3bp;Pomp;Pon2;Sult1a1;Cenpb;Mfng;Med31;Tagln;Kalrn;Nudt4;Pyroxd1;Nav2;Apold1;Lmo2;Fbln5;Il20rb;Ptgs2;Tmed10;Cd40;Palm;Ahnak;Stmn1;Ier3;Fmo1;Fmo2;Mgst1;Gnpda2,3.5625,3,7.0056173501204,4.845464621374319,7.0
Sox2 (mouse),17,Rdh11;Ech1;Smarca2;Prpf40b;Otud4;Pcyox1l;Wdr12;Dhrs7;Lmo2;Rbm3;Mrpl17;Cyb5r4;Ptgs2;Rnaseh2b;Bmyc;Ephx1;Ebpl,3.5294117647058827,2,6.075301664016549,3.987334416281586,5.0
IKZF1 (mouse),34,Pomp;Rdh11;Ufc1;Mrps16;Kalrn;Tmem176b;Hs3st1;Plec;Usf1;Adcy4;Nr1d1;Elk3;Lrpap1;Dhrs7;Fosb;Lmo2;Gpsm3;Thbs1;Cyb5r4;Mrpl38;Lefty1;Rilpl2;Ptgs2;Serpinb1a;Flna;Tspan4;Dctn6;Rtp4;Slc50a1;Rpl10;Rnf125;Gpx7;Cmc1;Cxcl1,3.5294117647058827,3,6.401377885855532,4.3000838393370024,7.0
NRF1 (mouse),34,Pomp;Mfng;Arpc3;Cirbp;Prpf40b;Pyroxd1;Cnn2;Pld3;Gamt;Tef;Wdr12;Dhrs7;Yipf2;Ifitm3;P4ha1;Tmed4;Klhdc3;Cope;Haghl;Abca3;Mrpl17;Mrpl27;Dynll1;Rilpl2;Pfkfb3;Arl2;Atp5j;Commd6;Creld2;Cd81;Ier3;Snrpb2;Mgst3;Sgta,3.5294117647058827,3,6.213611627317487,3.973123537126022,7.0
FOXO3A (human),17,Rbp1;Sult1a1;Rilpl2;Golm1;Etfb;Commd4;Sdc4;Gch1;Dnajb11;Cnn2;Pld3;Timm9;Tcerg1;Nme1;Krt18;Tgfb2;Pycr2,3.5294117647058827,1,4.51251224776194,6.187763517504324,3.0
FOS (mouse),24,Pomp;Aif1l;Ccdc85b;Cirbp;Etfb;Smarca2;Prpf40b;Vcam1;Plec;Snrpc;Fgd4;Lmo2;Thbs1;Atp5g1;Ap2s1;Rnaseh2b;Commd4;Klk10;Dolk;Nr2c2ap;Tmem158;Nme1;Ctnna1;Acsf2,3.5000000000000004,3,6.620472492812794,4.304945321420588,7.0
TBP (mouse),24,Ech1;Sdc4;Fam3c;Smc4;Cops2;Tcerg1;Hsph1;Arl2;Art4;Creld2;Ostc;Bmyc;Dlat;Sgta;Itgb3bp;Pon2;Ppa2;Ufc1;Vcam1;Nav2;Ascc3;P4ha1;Atp5g3;Churc1,3.5000000000000004,1,4.281284679997403,4.580947903328086,3.0
CBEPA (human),24,Aif1l;Sult1a1;Mrpl34;Mbd1;Mfng;Pfkfb3;Ip6k2;Smarca2;Commd6;Vcl;Plec;Atp2b4;Atp2b2;Gamt;Nr1d2;Fmo1;Plcb1;Lbp;Grasp;Mgst1;Sptbn1;Lmo2;Myh9;Dbp,3.5000000000000004,4,10.752747250710367,4.747399710658729,9.0
SPIB (human),7,Pomp;St3gal5;Il20rb;Zbtb16;Prpf40a;Tmed10;Atp5g3,3.4285714285714284,2,5.493472003454887,4.976670978205496,5.0
ETV4 (mouse),14,Smpd3;Hs3st1;Tef;Lmo2;Clock;Hlf;Arhgdib;Cyb5r4;St6gal1;Cd40;Per1;Tmem141;Mgst1;Aldh3a1,3.4285714285714284,3,7.900564609937142,4.3409850389495155,7.0
NR5A1 (mouse),14,Crlf2;Mrpl38;Mrpl34;Lefty1;Serpinb1a;Pdcd4;Pfkfb3;Stbd1;Adcy4;Snapin;Ankrd40;Cmc1;Mgst3;Parp2,3.4285714285714284,3,7.346139210763564,4.17509969769721,7.0
RXRA (mouse),7,Aif1l;Bcam;Mrpl38;Tead1;Ccdc85b;Tspan14;Nme1,3.4285714285714284,4,8.08066655301564,5.394882747352147,9.0
GATA3 (human),42,Pomp;Sult1a1;Ccdc3;Snx17;Golm1;Med28;Smarca2;Ppia;Tef;Rnf4;Cmklr1;Wdr12;Fkbp4;Snrpc;Lemd3;Maged2;Dtymk;Lmo4;Rbp1;Cyb5r4;Mrpl27;Ptgs2;Ndufc2;Atp5j;Commd2;Art4;Tspan6;Creld2;Ostc;Rpl10;Timm23;Adipor2;Tmem158;Phldb2;Gpx7;Cmc1;Mgst3;Mgst1;Ephx2;Cxcl1;Sgta;Itgb3bp,3.4285714285714284,2,5.271133748838203,4.253625797344971,5.0
JDP2 (human),21,Hsph1;Fos;Uqcrb;Commd4;Tmed10;Cd40;Vcam1;Dnajb11;Nav2;Usf1;Stmn1;Tead1;Bzw2;Dtd1;Erh;Edn1;Clic4;Parp2;Acsf2;Clock;Rbm3,3.4285714285714284,1,4.139229049765758,5.283370438546376,3.0
XBP1 (human),7,Cd9;Mrpl20;Fos;Lias;Txn2;Plec;Trappc6a,3.4285714285714284,0,3.110432725845752,5.5477301927836296,1.0
RUNX1 (human),53,Lgmn;Scp2;Mbd1;Fbxo34;Rdh11;Etfb;Mrps16;Sufu;Dnajb11;Plec;Tef;Cd9;Elk3;Lbp;Ifitm2;Tcerg1;Atp1b1;Dbp;Arhgdib;Rilpl2;Slc29a1;Cdc42ep5;Commd4;Per1;Dstn;Ostc;Rtp4;Phldb2;Dtd1;Erh;Il3ra;Aldh3a1;Sult1a1;Golm1;Mfng;Vcam1;Cmklr1;Snrpc;Sec11c;Maged2;Lmo2;Fbln5;Trappc6a;Atp5g1;Haghl;Psmd4;Il20rb;Cd40;Ndufs5;Churc1;Stmn1;Nacc1;Ebpl,3.3962264150943398,1,5.526886167930272,4.637823424505935,3.0
Gata1 (mouse),25,Pon2;Crlf2;Snx18;Pdcd4;Med28;Ccdc85b;Tmem176b;Dnajb11;Plec;Pld3;Cops2;Fkbp4;Fgd4;Maged2;P4ha1;Cbr1;Hlf;Slc29a1;Ndufc2;Mapk13;Ier3;Nacc1;Igfbp5;Gpx7;Ephx2,3.3600000000000003,1,4.492814847056844,5.235525058671183,3.0
MYOG (human),18,Cyb5r4;Ccdc3;Fos;Ptgs2;Nip7;Flnb;Lrrc3b;Ubfd1;Ccdc85b;Ndufaf3;Art4;Ccdc157;Dennd4a;Adra2a;Cmc1;Arfgap1;Ephx1;Myh9,3.3333333333333335,3,8.60029479767975,4.916689343103142,7.0
SMAD4 (mouse),18,Scx;Samd4;Pdcd4;Rdh11;Otud4;Ube2n;Tead1;Cdkn2c;Lemd3;Twist1;Lmo4;Cd81;Atp2b2;Adam9;Phldb2;Nacc1;Acsf2;Nr4a2,3.3333333333333335,8,17.820934011569314,6.546498461049209,17.0
POU2F2 (human),40,Pomp;Dll1;Scp2;Snx18;Cenpb;Actn4;Tagln;Kalrn;Txn2;Pld3;Rnf4;Snapin;Timm9;Fgd4;Ascc3;Maged2;P4ha1;Sptbn1;Cbr1;Parp2;Acyp2;Clock;Rbp1;Mrpl17;Hsph1;Ikbip;Rilpl2;Slc29a1;Pfkfb3;Ndufc2;Mapk13;St6gal1;Tmed10;Ostc;Churc1;Thyn1;Timm23;Fmo2;Tmem141;Phldb2,3.3000000000000003,1,3.310342151418185,5.266520334599323,3.0
CBEPB (human),40,Pon2;Gstm1;Fbxo34;Ip6k2;Smarca2;Ppa2;Vcam1;Txn2;Nav2;Plec;St3gal5;Cmklr1;Wdr12;Ascc3;Sec11c;Lias;Sptbn1;Acyp2;Atp1b1;Hira;Fbln5;Srgn;Trappc6a;Il20rb;Lrrc3b;Ubfd1;Slc25a3;Atp5j;Commd6;Tspan6;Cd40;Gch1;Gabpb1;Fmo1;Tmem14a;Snrpb2;Mall;Cmc1;Mgst3;Cxcl1,3.3000000000000003,3,5.91375364688978,4.839084994296467,7.0
Nkx3-2 (mouse),11,Hsph1;Mrpl38;Slc29a1;Apeh;Ip6k2;Commd4;Atp2b2;Tead1;Maged2;Srgn;Cxcl1,3.2727272727272725,1,6.632508414735202,5.510886434449667,3.0
FOXJ1 (human),30,Vamp5;Sult1a1;Oaz1;Rnaseh2b;Birc6;Lrrc3b;Ech1;St6gal1;Commd4;Commd2;Ufc1;Cnn2;Gamt;Rnf4;Nr2c2ap;Nr1d1;Bcam;Snapin;Apold1;Rnf125;Tap2;Il3ra;Polr2j;Uqcr10;Edn1;Dtymk;Parp2;Fbln5;Atp5g3;Atp5g1,3.2,2,5.437617492606564,4.401415024075736,5.0
SMAD4 (human),15,Pon2;Pdcd4;Nip7;Fbxo34;Ip6k2;Egr3;Otud4;Lmo2;Hira;Il20rb;Atp5j;Atp2b2;Ier3;Tgfb2;Aldh3a1,3.2,3,9.85070218232823,4.628568286436871,7.0
NR3C1 (mouse),15,Scp2;Mbd1;Pld3;Cmklr1;Ifitm3;Fbln5;Rbp1;Hsph1;Cyb5r4;Birc6;Mapk13;Rgl2;Tspan6;Atp2b4;Guf1,3.2,3,5.339727115550742,6.058874133403796,7.0
CREM (human),15,Psmb9;Tead1;Fosb;Adam9;Ccdc85b;Cdo1;Commd4;Sdc4;Lias;Dnajb11;Nav2;Ndufs5;Sgta;Trappc6a;Itgb3bp,3.2,1,5.8093520658986195,5.443180562254614,3.0
POU1F1 (human),15,Pon2;Lrrc3b;Art4;Sdc4;Dbnl;Vcam1;Ostc;Pyroxd1;Cdkn2c;Fmo2;Dhrs7;Cops2;Cdo1;Mgst1;Arhgdib,3.2,3,7.028415775875732,4.828102250007469,7.0
POU2F1 (mouse),15,Dll1;Samd4;Crlf2;Smpd3;Rdh11;Rnf144a;Snrpc;Polr2j;Parp2;Lmo4;Rbm3;Rtp4;Phldb2;Pdzd2;Itgb3bp,3.2,2,0.6444676785812877,5.557515095121216,5.0
MAX (human),34,Dll1;Mbd1;Med28;Med31;Ppa2;Egr3;Fam3c;Plec;Gamt;Tef;Nr1d2;Rnh1;Snrpc;Thbd;Maged2;Cope;Trappc6a;Clock;Atp5g3;Haghl;Abca3;Klf15;Hsph1;Arl2;Commd4;Per3;Per1;Cd81;Rtp4;Slc50a1;Stmn1;Grasp;Tppp3;Sgta,3.1764705882352944,1,5.520577036058151,5.032001290905086,3.0
TFAP2C (human),19,Tagln;Egr3;Ndufaf3;Tspan4;Creld2;Ppia;Plec;Rtp4;Gamt;Ahnak;Ier3;Rps7;Sec11c;Ifitm2;Dtymk;Clic4;Lmo2;Aldh3a1;Gpsm3,3.1578947368421053,1,5.6329106079930575,5.727075922970702,3.0
SND1 (human),19,Golm1;Cdc42ep5;Mrps16;Cd40;Dnajb11;Usf1;Tef;Lrpap1;Elk3;Ier3;Cdkn2c;Rps7;Tap2;Snrpc;Phldb2;Grasp;Sec11c;Myh11;Cxcl1,3.1578947368421053,1,5.9131762504752725,4.582785768646394,3.0
RUNX2 (human),23,Haghl;Mbd1;Lrrc3b;Ip6k2;Tspan14;Kalrn;Tmem176b;Vcl;Nav2;Churc1;Elk3;Snapin;Fmo1;Fosb;Phldb2;Gpx7;Lbp;Ifitm3;Mgst1;Lmo2;Klhdc3;Pdzd2;Dbp,3.130434782608696,3,9.495688936958686,5.232733587313538,7.0
ELK4 (human),23,Mbd1;Pdcd4;Arpc3;Etfb;Commd6;Ndufaf3;Prpf40b;Txn2;Dctn6;Slc50a1;Cd9;Rpl10;Nr1d1;Adipor2;Snrpb2;Uqcr10;Twist1;Edn1;Klhdc3;Cope;Gpsm3;Trappc6a;Clock,3.130434782608696,3,5.964818864636941,3.9634745942724434,7.0
HIF1A (human),27,Actn4;Psmb10;Sdhb;Otud4;Snrpc;Mcm6;Twist1;Edn1;Parp2;Pycr2;Myh9;Cope;Atp5g1;Rbp1;Mrpl17;Mrpl38;Rnaseh2b;Flna;Flnb;Cdc42ep5;Slc25a3;Rgl2;Dbnl;Acaa2;Ndufs5;Rpl10;Krt18,3.111111111111111,1,3.1044433374454434,6.230179445191326,3.0
GLI2 (human),31,Mbd1;Slc29a1;Zbtb16;Apeh;Flna;Ndufc2;Cirbp;Etfb;St6gal1;Tspan4;Prpf40a;Kalrn;Per1;Sufu;Acaa2;Plec;Atp2b4;Atp2b2;Tef;Cd9;Plk3;Nr1d2;Cmklr1;Ier3;Adam9;Il3ra;Lemd3;Fbln5;Ephx1;Nr4a2;Dbp,3.096774193548387,5,10.165520221690192,5.1622289395497445,11.0
ZFHX3 (human),31,Ap2s1;Mrpl17;Cdc42ep5;Arl2;Commd6;Prpf40b;Cd40;Sdc4;Dbnl;Dnajb11;Otud4;Ostc;Vcl;Txn2;Rnf4;St3gal5;Nr2c2ap;Ehd2;Rnh1;Snapin;Rnf125;Fosb;Tmem141;Il3ra;Sec11c;Uqcr10;Lias;Tmed4;Parp2;Lmo4;Atp5g3,3.096774193548387,1,4.380294504114909,3.91145673465443,3.0
RBPJ (mouse),35,Samd4;Lgmn;Scp2;Golm1;Nip7;Rdh11;Pyroxd1;Plec;Usf1;Cd9;Timm9;Fgd4;Edn1;Cbr1;Srgn;Il20rb;Lefty1;Ptgs2;Serpinb1a;Rnaseh2b;Rgl2;Art4;Dolk;Acaa2;Mt1;Atp2b2;Timm23;Adam9;Igfbp5;Cdk5;Cdo1;Tgfb2;Myh11;Ephx2;Chchd2,3.0857142857142854,3,6.881379196508931,6.024591956699071,7.0
HIF1A (mouse),12,Ap2s1;Pfkfb3;Slc25a3;Art4;Plec;Atp2b2;Plcb1;Dtd1;Thbd;Ifitm2;Tcerg1;Atp5g3,3.0,2,8.376204192190002,6.6022871060077595,5.0
BCL6 (human),20,Il20rb;Golm1;Smarca2;Hs3st1;Vcam1;Pyroxd1;Nav2;Churc1;Thyn1;St3gal5;Pcyox1l;Tap2;Dtd1;Nes;Cebpd;P4ha1;Klhdc3;Itgb3bp;Hlf;Atp5g1,3.0,2,6.770845312019565,4.669363336375739,5.0
STAT1 (human),24,Smarca2;Tmem176b;Hs3st1;Txn2;Nav2;Plec;Gamt;Smc4;Apold1;Sec11c;Myh9;Dbp;Clock;Slc25a3;Tspan6;Ndufs5;Gabpb1;Stmn1;Timm23;Cmc1;Mgst1;Dlat;Ephx1;Ebpl,3.0,3,5.700155603692978,4.8931024206960805,7.0
CBEPA (mouse),24,Pomp;Apeh;Uqcrb;Actn4;Ech1;Ppa2;Prpf40b;Pyroxd1;Ascc3;Cebpd;Ifitm3;Maged2;Lmo2;Acyp2;Rilpl2;Slc25a3;Mapk13;Commd2;Tspan4;Rpl10;Rnf125;Adra2a;Erh;Ebpl,3.0,1,5.704044560626298,3.3808329808517747,3.0
LEF1 (mouse),20,Samd4;Gstm1;Rdh11;Ccdc85b;Etfb;Kalrn;Mrps34;Nav2;Plec;Cd9;Lmo2;Hira;Cdc42ep5;Cd40;Stmn1;Ier3;Fmo1;Tap2;Acsf2;Lmod1,3.0,3,6.811562235993014,5.708889599198804,7.0
NKX2-8 (human),8,Ech1;Lgmn;Prpf40a;Cd81;Fgd4;Acsf2;Mcm6;Arhgdib,3.0,1,6.300808225028303,4.040753922988886,3.0
CBFB (human),8,Mrpl20;Flna;Tspan6;Atp2b4;Churc1;Nhlrc3;Nr1d2;Hira,3.0,7,7.338679896123451,6.876021674050908,15.0
THRB (human),40,Ccdc3;Fos;Smpd3;Pdcd4;Apeh;Smarca2;Egr3;Tmem176b;Sufu;Otud4;Tef;St3gal5;Plk3;Rnh1;Smc4;Snapin;Apold1;Atp1b1;Hira;Myh9;Atp5g1;Haghl;Zbtb16;Lrrc3b;Cyb5a;Atp5j;Gch1;Per3;Vcl;Acaa2;Dctn6;Ahnak;Stmn1;Plcb1;Rps7;Adra2a;Cdo1;Clic4;Ephx2;Ebpl,3.0,3,9.485371745932053,5.629239623563016,7.0
MAPK14 (human),16,Ikbip;Mrpl38;Etfb;St6gal1;Tmed10;Gch1;Bace2;Elk3;Apold1;Lamtor1;Fgd4;Cdk5;Thbd;Ephx1;Cxcl1;Rbm3,3.0,2,6.441097550594113,5.202874389801557,5.0
USF1 (human),28,Psmb9;Klf15;Hsph1;Mbd1;Med28;Arl2;Med31;Ppa2;Egr3;Commd4;Per3;Per1;Fam3c;Cd81;Plec;Rtp4;Gamt;Slc50a1;Tef;Nr1d2;Rnh1;Stmn1;Thbd;Cope;Sgta;Trappc6a;Atp5g3;Rbm3,3.0,1,5.985381954715785,4.121616660194272,3.0
MYOG (mouse),16,Aif1l;Etfb;Ech1;Plec;Nr1d1;Yipf2;Thbd;Ifitm3;Thbs1;Abca3;Rnaseh2b;Klk10;Rtp4;Mall;Cdo1;Ebpl,3.0,3,7.507712298106609,6.746863498762565,7.0
GATA6 (human),16,Snx18;Ndufc2;Atp5j;Commd2;Art4;Tmed10;Pyroxd1;Nav2;Churc1;Adipor2;Fmo1;Rnf125;Mgst1;P4ha1;Clock;Atp5g3,3.0,3,5.9104549977714305,5.0321219664469785,7.0
HNF4A (mouse),8,Rbp1;Ap2s1;Nr1d2;Mrpl20;Adra2a;Rdh11;Mall;Plec,3.0,3,3.519326131363468,5.039965104297697,7.0
STAT5B (human),16,Ptgs2;Art4;Kalrn;Pyroxd1;Acaa2;Usf1;Thyn1;Smc4;Tmem158;Guf1;Cdo1;Twist1;Sptbn1;Cbr1;Tgfb2;Lmo4,3.0,3,8.834745596782254,6.190754027409202,7.0
SREBF1 (human),45,Ciao1;Mbd1;Apeh;Arpc3;Med31;Ip6k2;Cirbp;Egr3;Ndufaf3;Tmem176b;Otud4;Txn2;Nav2;Gamt;Tef;Adcy4;Nr1d1;Nr1d2;Rnh1;Cmklr1;Dhrs7;Cebpd;Thbd;Twist1;Cbr1;Trappc6a;Rbp1;Mrpl20;Mrpl27;Rnaseh2b;Flna;Tspan4;Cd40;Per3;Per1;Acaa2;Slc50a1;Ahnak;Rpl10;Timm23;Il3ra;Myh11;Aldh3a1;Cxcl1;Sgta,2.9333333333333336,3,7.5667413165539115,4.2830394197805095,7.0
USF2 (human),62,Lgmn;Mbd1;Pdcd4;Rdh11;Mrps34;Fam3c;Dnajb11;Ndufb10;Plec;Gamt;Tef;Bcam;Thbd;Cope;Gpsm3;Dbp;Hsph1;Rilpl2;Slc29a1;Arl2;Commd4;Commd6;Creld2;Gch1;Per3;Per1;Dstn;Ostc;Rtp4;Slc50a1;Tap2;Il3ra;Guf1;Clic4;Ephx2;Aldh3a1;Sgta;Pomp;Mfng;Med28;Med31;Ppa2;Kalrn;Vcam1;Otud4;Nr1d1;Nr1d2;Rnh1;Yipf2;Hmgn2;Maged2;Srgn;Trappc6a;Atp5g3;Haghl;Abca3;Klf15;Flnb;Mapk13;Cd81;Churc1;Stmn1,2.903225806451613,1,6.078095934661646,4.32038371614739,3.0
SP1 (human),25,Haghl;Dll1;Abca3;Pfkfb3;Tspan14;Etfb;Egr3;Tspan6;Tspan4;Prpf40b;Per3;Palm;Plec;Tef;Nr1d2;Bace2;Rnh1;Stmn1;Apold1;Tmem141;Grasp;Sptbn1;Ctnna1;Atp1b1;Dbp,2.88,4,8.638985607973172,5.747179025864098,9.0
PITX1 (human),25,Psmd4;Ap2s1;Mrpl38;Dynll1;Nip7;Flna;Flnb;Birc6;Ech1;St6gal1;Ndufaf3;Klk10;Ufc1;Otud4;Txn2;Nav2;Pld3;Rnf4;Snapin;Snrpc;Dtd1;Il3ra;Ifitm3;Acyp2;Atp5g1,2.88,3,6.159551632210325,4.645063758268483,7.0
SP3 (mouse),21,Lgmn;Ccdc3;Slc29a1;Serpinb6b;Lrrc3b;Tspan14;Hhex;Ndufaf3;Sdc4;Per3;Ccdc157;Mt1;Slc50a1;Adcy4;Pcyox1l;Fosb;Hmgn2;Nes;Nme1;Lmo4;Gpsm3,2.857142857142857,1,6.179674157313278,5.62581132217504,3.0
UBTF (human),21,Rbp1;Ccdc3;Fos;Zbtb16;Ip6k2;Etfb;Ppa2;Tspan4;Sufu;Dnajb11;Ndufb10;Nav2;Atp2b4;Gamt;Thyn1;Elk3;Yipf2;Ifitm2;Tcerg1;Sptbn1;Lmod1,2.857142857142857,3,8.900358785045862,5.080817348181029,7.0
POU2F2 (mouse),17,Dll1;Samd4;Crlf2;Uqcrb;Rdh11;Rnf144a;Tef;Adcy4;Snrpc;Twist1;Parp2;Rbm3;Klf15;Mrpl27;Lefty1;Rtp4;Pdzd2,2.823529411764706,11,1.6671106902957855,5.587529840287536,23.0
ETS2 (human),17,Pon2;Mbd1;Snx17;Golm1;Ndufc2;St6gal1;Kalrn;Sufu;Nav2;Gamt;Cmklr1;Thbd;Mall;Cmc1;Edn1;Cbr1;Lmo2,2.823529411764706,5,5.872258723695906,5.590392699697496,11.0
TFAP2A (mouse),30,Samd4;Smpd3;Mfng;Rdh11;Ip6k2;Etfb;Ech1;Psmb10;Rnf144a;Tmem176b;Mrps34;Plec;Bcam;Fosb;Hmgn2;Ifitm2;Klhdc3;Srgn;Gpsm3;Psmb9;Rbp1;Slc29a1;Pfkfb3;Atp5j;Cd81;Acaa2;Atp2b2;Erh;Myh11;Acsf2,2.8000000000000003,3,5.960581962887077,4.956319136781017,7.0
IRF8 (mouse),30,Samd4;Pdcd4;Apeh;Smarca2;Egr3;Hs3st1;Vcam1;Plec;Usf1;Rnf4;Elk3;Fgd4;Maged2;Dtymk;Lmo2;Cope;Slc29a1;Cdc42ep5;Lrrc3b;Art4;Tspan6;Dbnl;Ccdc157;Bmyc;Tmem158;Tmem14a;Cdo1;Cmc1;Mgst1;Krt18,2.8000000000000003,3,5.917484249626801,5.265180044184203,7.0
CACYBP (mouse),30,Samd4;Gstm1;Pdcd4;Apeh;Fbxo34;Med31;Ip6k2;Prpf40a;Tmem176b;Plec;Tef;Nr1d2;Ehd2;Ifitm2;Ifitm3;Lmo2;Klhdc3;Srgn;Trappc6a;Cyb5r4;Klk10;Cd40;Atp2b2;Nr2c2ap;Dtd1;Cdk5;Nr4a2;Pdzd2;Lmod1;Sgta,2.8000000000000003,3,8.569469927027816,4.6631677715721,7.0
CRX (human),26,Psmd4;Ap2s1;Sult1a1;Mrpl38;Nip7;Flna;Flnb;Actn4;Ech1;St6gal1;Ufc1;Txn2;Cnn2;Rpl10;Rnf4;Nr1d1;Snapin;Pcyox1l;Rnf125;Snrpc;Il3ra;Nme1;Tmed4;Pycr2;Sgta;Atp5g1,2.7692307692307696,2,5.409642998978051,4.734622804850236,5.0
JUND (human),13,Uqcrb;Actn4;Commd4;Dync1h1;Fam3c;Vcam1;Dctn6;Adipor2;Cdkn2c;Polr2j;Mgst1;Sptbn1;Thbs1,2.7692307692307696,3,6.13265561852212,5.770538804369057,7.0
LTF (human),26,Haghl;Psmb9;Aif1l;Smpd3;Flnb;Med28;Cdc42ep5;Ndufc2;Hhex;Fam3c;Hs3st1;Cnn2;Thyn1;St3gal5;Nr1d2;Ehd2;Stmn1;Cdkn2c;Il3ra;Lbp;Vipr1;Lias;Sptbn1;Pycr2;Trappc6a;Hlf,2.7692307692307696,1,4.024941135230526,5.5552882691362395,3.0
SRF (mouse),13,Pon2;Uqcrb;Rdh11;Vcam1;Pyroxd1;Fosb;Tcerg1;Lmo2;Clock;Commd2;Commd6;Adipor2;Dlat,2.7692307692307696,3,5.37956162760346,5.134067990807073,7.0
ESR1 (human),26,Sult1a1;Scp2;Rilpl2;Slc29a1;Rnaseh2b;Flna;Actn4;St6gal1;Tspan4;Tmed10;Per1;Sdhb;Txn2;Plec;Nr1d2;Rnh1;Smc4;Fosb;Dtd1;Il3ra;Lemd3;Arfgap1;Nme1;Krt18;Srgn;Cope,2.7692307692307696,3,7.524341759939242,5.458992937793809,7.0
APEX1 (human),26,Psmd4;Vamp5;Scp2;Rilpl2;Smpd3;Golm1;Fbxo34;Pfkfb3;Commd6;Ufc1;Sdhb;Ppia;Vcl;Ndufs5;Plec;Gamt;Rnh1;Stmn1;Cmklr1;Snapin;Rnf125;Phldb2;Uqcr10;Krt18;Ctnna1;Lmo2,2.7692307692307696,3,6.34555206561741,5.223584256961585,7.0
ETS1 (human),65,Lgmn;Mbd1;Snx17;Ndufaf3;Prpf40b;Prpf40a;Tmem176b;Dync1h1;Hs3st1;Cnn2;Plec;Gamt;Fkbp4;Lbp;Lemd3;Thbd;Ifitm2;Ifitm3;Rilpl2;Art4;Ccdc157;Atp2b4;Atp2b2;Rtp4;Tmem141;Phldb2;Guf1;Vipr1;Clic4;Tgfb2;Ephx2;Aldh3a1;Aif1l;Fos;Actn4;Egr3;Ppia;Ube2n;Nav2;Nr1d1;Cmklr1;Yipf2;Snrpc;Maged2;Lmo2;Thbs1;Haghl;Il20rb;Mrpl27;Lefty1;Ptgs2;Zbtb16;Birc6;Lrrc3b;Slc25a3;St6gal1;Rgl2;Tmed10;Palm;Gabpb1;Adam9;Cdk5;Cmc1;Mgst1;Nr4a2,2.7692307692307696,3,9.096781165739792,6.025166663980527,7.0
FOXA1 (mouse),26,Cenpb;Smpd3;Uqcrb;Actn4;Smarca2;Ufc1;Fam3c;Ndufb10;Pld3;Fosb;Sec11c;Atp5g3;Atp5g1;Rilpl2;Tmed10;Gch1;Stbd1;Dolk;Mt1;Dctn6;Nhlrc3;Bmyc;Tap2;Nme1;Krt18;Cxcl1,2.7692307692307696,2,5.833620121134256,4.855754396537067,5.0
PRDM1 (human),13,Cyb5r4;Snx18;Fbxo34;Cyb5a;Atp5j;Ostc;Nav2;Ndufs5;Nr1d1;Fmo1;Rnf125;Pdzd2;Atp5g3,2.7692307692307696,1,6.0450669673565605,5.000133092592255,3.0
JUND (mouse),22,Samd4;Lgmn;Fos;Pdcd4;Fbxo34;Zfp414;Fam3c;Plec;Cd9;Wdr12;Cops2;Ifitm3;Maged2;Lmo4;Rbp1;Il20rb;Flnb;Slc25a3;Commd4;Per1;Snrpb2;Itgb3bp,2.7272727272727275,3,6.75859289842033,5.533368890608919,7.0
IRF2 (human),22,Mrpl38;Snx17;Rnaseh2b;Fbxo34;Ubfd1;Med31;Ndufc2;Slc25a3;Commd2;Klk10;Creld2;Gch1;Plec;Ier3;Tead1;Tap2;Phldb2;Mgst3;Nme1;Tgfb2;Myh11;Atp5g3,2.7272727272727275,2,6.521318113849453,5.253541085118016,5.0
ELK1 (human),22,Psmd4;Aif1l;Mbd1;Zbtb16;Lrrc3b;Pfkfb3;Med31;Ccdc85b;Commd4;Tspan4;Hs3st1;Bcam;Lrpap1;Wdr12;Rps7;Ascc3;Thbd;Edn1;Dtymk;Sptbn1;Aldh3a1;Pdzd2,2.7272727272727275,1,7.6334400045201525,6.380202787804576,3.0
NR5A1 (human),22,Mrpl17;Sult1a1;Cyb5r4;Scp2;Pdcd4;Pfkfb3;Commd6;Kalrn;Fmo1;Fmo2;Dhrs7;Tmem141;Phldb2;Fgd4;Ascc3;Mcm6;Lemd3;Sec11c;Ifitm3;Twist1;Pdzd2;Atp5g3,2.7272727272727275,2,8.290396857092368,6.404060314865838,5.0
SMARCA2 (human),22,Aif1l;Lgmn;Il20rb;Mrpl38;Flnb;Tspan4;Tmem176b;Per1;Sufu;Otud4;Dstn;Nav2;Gabpb1;Plk3;Stmn1;Adipor2;Tmem158;Phldb2;Hmgn2;Ebpl;Cxcl1;Atp5g1,2.7272727272727275,3,8.138555214944574,4.043845222120858,7.0
ZNF354C (human),22,Abca3;Aif1l;Scp2;Crlf2;Dynll1;Zbtb16;Mfng;Med31;Ndufa4;Ndufaf3;Tspan4;Sufu;Pyroxd1;Plec;Il3ra;Nes;Ifitm2;Twist1;Clic4;Klhdc3;Hlf;Atp5g3,2.7272727272727275,2,6.458034691526082,5.475879383903623,5.0
RELB (human),22,Rbp1;Psmd4;Hsph1;Ikbip;Gstm1;Cenpb;Pdcd4;Etfb;Tspan4;Creld2;Gch1;Tmem176b;Otud4;Dolk;Atp2b2;Gamt;Tmem14a;Polr2j;Clic4;Atp1b1;Aldh3a1;Ebpl,2.7272727272727275,3,8.262015820369095,4.130806843298118,7.0
HMGA1 (mouse),22,Samd4;Gstm1;Dennd4a;Pyroxd1;Pld3;Usf1;Dhrs7;Cops2;Snrpc;Lmo4;Atp1b1;Ndufa4;Atp2b4;Nhlrc3;Rpl10;Rnf125;Dtd1;Il3ra;Cmc1;Krt18;Nr4a2;Aldh3a1,2.7272727272727275,2,7.576329277325547,5.916767653963806,5.0
HNF1A (human),22,Ccdc3;Snx17;Actn4;Smarca2;Ppa2;Dync1h1;Nav2;Pld3;Wdr12;Sec11c;Lias;Myh9;Mrpl17;Ndufc2;Atp5j;Art4;Tspan6;Atp2b4;Gabpb1;Phldb2;Tgfb2;Acsf2,2.7272727272727275,3,8.245069315564992,6.875216864923817,7.0
STAT5B (mouse),31,Scp2;Mbd1;Fos;Snx17;Pdcd4;Nip7;Actn4;Dennd4a;Plec;Plk3;Rnh1;Smc4;Fgd4;Mcm6;Pycr2;Myh9;Cope;Atp5g1;Rbm3;Psmd4;Hsph1;Serpinb1a;St6gal1;Cd81;Nhlrc3;Gabpb1;Ier3;Nacc1;Clic4;Ephx2;Ebpl,2.709677419354839,2,7.344693862440735,6.074749077636611,5.0
E2F1 (mouse),49,Ciao1;Med31;Ccdc85b;Ip6k2;Zfp414;Ech1;Psmb10;Ndufaf3;Prpf40b;Prpf40a;Tmem176b;Mrps34;Sufu;Fam3c;Ube2n;Plec;Snapin;Fosb;Fgd4;Mcm6;Lbp;Sec11c;Twist1;Dtymk;Lmo2;Hira;Myh9;Trappc6a;Vamp5;Cyb5r4;Mrpl34;Rnaseh2b;Pfkfb3;Ubfd1;Atp5j;Mapk13;Per1;Palm;Mt1;Atp2b2;Ahnak;Gabpb1;Dtd1;Cdk5;Mall;Vipr1;Arfgap1;Pdzd2;Cxcl1,2.6938775510204085,3,7.590401142558035,5.0366721271156925,7.0
KLF11 (human),18,Slc29a1;Zbtb16;Flna;Cirbp;Egr3;Tspan4;Prpf40a;Tmem176b;Plec;Atp2b4;Atp2b2;Nr1d1;Nr1d2;Cmklr1;Thbd;Ephx1;Nr4a2;Dbp,2.6666666666666665,4,11.36558464828705,5.100929588807011,9.0
SAMD9L (human),18,Aif1l;Ciao1;Hsph1;Slc25a3;Kalrn;Dync1h1;Nav2;Atp2b4;Nr2c2ap;Fmo1;Erh;Lbp;Uqcr10;Arfgap1;Mgst3;Dtymk;Ephx1;Thbs1,2.6666666666666665,5,8.5205616362062,6.217769612739991,11.0
MYOD1 (mouse),27,Scx;Mfng;Apeh;Hhex;Ppa2;Psmb10;Rnf144a;Dync1h1;Pld3;Gamt;Tef;Cd9;St3gal5;Plk3;Bcam;Timm9;Tcerg1;Cbr1;Lmo2;Ikbip;Rilpl2;Rnaseh2b;Cdc42ep5;Pfkfb3;Slc25a3;Mapk13;Tmem158,2.6666666666666665,3,5.1802941205104,5.001199948538304,7.0
ELF3 (human),27,Aif1l;Vamp5;Fos;Snx18;Pdcd4;Pfkfb3;Slc25a3;Ip6k2;Commd6;Ndufaf3;Per1;Dync1h1;Stbd1;Nav2;Plec;Atp2b4;Adcy4;Tap2;Lbp;Sec11c;Ifitm2;Uqcr10;Myh11;Ephx2;Pdzd2;Cope;Dbp,2.6666666666666665,2,8.55951199895085,5.597961456910585,5.0
PLAU (human),27,Hsph1;Lefty1;Dynll1;Fos;Flna;Fbxo34;Uqcrb;Med31;Egr3;St6gal1;Per1;Nav2;St3gal5;Rnh1;Tead1;Fosb;Adam9;Phldb2;Cdo1;Tmed4;Nr4a2;Cope;Gpsm3;Dbp;Atp5g1;Arhgdib;Chchd2,2.6666666666666665,1,7.520620675845485,7.771897236327881,3.0
KLF5 (human),27,Aif1l;Mrpl38;Rilpl2;Slc29a1;Zbtb16;Nip7;Apeh;Ppa2;Egr3;Ndufaf3;Rgl2;Cd40;Ppia;Txn2;Plec;Tef;Rnf4;Nr2c2ap;Rnh1;Snapin;Tead1;Fkbp4;Snrpc;Il3ra;Ctnna1;Atp1b1;Fbln5,2.6666666666666665,3,6.039674349859602,5.543274118419101,7.0
ZBTB16 (human),27,Cenpb;Med28;Ip6k2;Smarca2;Prpf40b;Fam3c;Nav2;Pld3;Cd9;Tead1;Cops2;P4ha1;Lmo4;Acyp2;Clock;Rbm3;Ap2s1;Mrpl27;Atp5j;St6gal1;Tspan6;Churc1;Dctn6;Thyn1;Rnf125;Tap2;Tgfb2,2.6666666666666665,3,7.001627913036593,5.396316982278034,7.0
SPI1 (mouse),18,Ccdc3;Smpd3;Kalrn;Plec;Rnh1;Snapin;Fgd4;Cbr1;Klhdc3;Vamp5;Rilpl2;Mapk13;Creld2;Stbd1;Tmem141;Mgst1;Ephx2;Nr4a2,2.6666666666666665,3,7.467851338425177,5.357536613303716,7.0
MIR138 (human),18,Haghl;Vamp5;Mrpl38;Mfng;Pfkfb3;Egr3;Tspan4;Palm;Nav2;Plec;Ier3;Fmo1;Yipf2;Phldb2;Lbp;Lmo2;Hira;Ephx1,2.6666666666666665,4,11.173535529146633,3.936118118049717,9.0
STAT3 (human),45,Dll1;Smpd3;Golm1;Rdh11;Ip6k2;Etfb;Kalrn;Nav2;Tef;Rnf4;St3gal5;Nr1d1;Cmklr1;Tead1;Cops2;Snrpc;Hmgn2;Cebpd;Sec11c;Edn1;P4ha1;Lias;Acyp2;Hira;Atp5g3;Hsph1;Mrpl34;Ndufc2;Atp5j;Commd6;Tspan6;Tspan4;Ostc;Acaa2;Adipor2;Fmo1;Fmo2;Tmem14a;Dtd1;Gpx7;Uqcr10;Mgst3;Tgfb2;Ebpl;Cxcl1,2.6666666666666665,2,5.99785726950428,5.368250586017045,5.0
NR3C1 (human),18,Fos;Snx17;Mfng;Tmem176b;Nav2;Usf1;Gamt;Lemd3;Atp1b1;Cope;Vamp5;Slc29a1;Dbnl;Cd81;Churc1;Phldb2;Snrpb2;Krt18,2.6666666666666665,3,6.827414462894897,5.053899090484035,7.0
PURA (human),9,Pomp;Pon2;Lrpap1;Cmklr1;Oaz1;Arpc3;Tppp3;Dstn;Nav2,2.6666666666666665,0,2.7892764289690533,4.8912783034354685,1.0
Pax2 (mouse),18,Mrpl38;Rilpl2;Mfng;Arpc3;Ip6k2;Zfp414;Smarca2;Mapk13;Tspan6;Bace2;Fmo2;Dhrs7;Ankrd40;Rps7;Nacc1;Sec11c;Dbp;Clock,2.6666666666666665,4,7.730938008561129,5.494738951119309,9.0
NFIC (human),59,Lgmn;Apeh;Uqcrb;Rdh11;Prpf40b;Mrps16;Sufu;Dnajb11;Ndufb10;Tef;Mcm6;Lbp;Lemd3;Tcerg1;Edn1;Atp1b1;Cope;Dbp;Rbm3;Slc29a1;Klk10;Per1;Ostc;Rtp4;Rnf125;Phldb2;Il3ra;Nes;Tppp3;Krt18;Ephx1;Aldh3a1;Dll1;Sult1a1;Mfng;Med28;Arpc3;Nav2;Nr1d1;Rnh1;Apold1;Hmgn2;Polr2j;Lmo2;Klhdc3;Fbln5;Trappc6a;Atp5g1;Il20rb;Lefty1;Flnb;Birc6;Ubfd1;Cyb5a;Rgl2;Tspan4;Tmed10;Cdo1;Ebpl,2.6440677966101696,3,7.0559862271483915,5.913286130473226,7.0
JUN (human),41,Aif1l;Snx18;Med28;Ip6k2;Hhex;Kalrn;Dync1h1;Mrps34;Sdhb;Plec;Tef;Ehd2;Cmklr1;Pcyox1l;Ifitm2;Lmo2;Klhdc3;Fbln5;Ap2s1;Klf15;Vamp5;Il20rb;Ikbip;Cdc42ep5;Pfkfb3;Commd6;Per1;Ccdc157;Dolk;Atp2b2;Ahnak;Bace2;Stmn1;Timm23;Erh;Grasp;Nme1;Krt18;Ephx1;Aldh3a1;Chchd2,2.6341463414634148,1,6.310166309198237,5.328095441007994,3.0
MYC (mouse),41,Snx18;Ccdc85b;Smarca2;Psmb10;Sdc4;Fam3c;Vcam1;Ppia;Pyroxd1;Plec;Tef;Rnh1;Tead1;Timm9;Yipf2;Fgd4;Dtymk;Atp5g1;Rbp1;Klf15;Oaz1;Lefty1;Pfkfb3;Arl2;Ubfd1;Per1;Dolk;Acaa2;Nhlrc3;Stmn1;Ier3;Bmyc;Adipor2;Rnf125;Bzw2;Cdk5;Nme1;Myh11;Acsf2;Cxcl1;Sgta,2.6341463414634148,4,6.547474413452941,4.02799624728003,9.0
SNAI2 (human),23,Haghl;Abca3;Mfng;Flna;Flnb;Cdc42ep5;Actn4;Mapk13;Creld2;Cd40;Gch1;Mrps34;Dnajb11;Dstn;Plec;Tef;Nr1d1;Bcam;Rnh1;Yipf2;Hmgn2;Il3ra;Dbp,2.608695652173913,3,6.758794048020171,5.978147569105636,7.0
MEF2A (human),46,Lgmn;Sult1a1;Scp2;Cenpb;Fbxo34;Med31;Actn4;Ech1;Smarca2;Ndufaf3;Sufu;Otud4;Cnn2;Nav2;Usf1;Tef;Snapin;Snrpc;Ascc3;Acyp2;Ap2s1;Flna;Flnb;Birc6;Lrrc3b;Arl2;Slc25a3;Commd2;Commd6;Art4;Gch1;Dstn;Ostc;Vcl;Churc1;Gabpb1;Stmn1;Adipor2;Fmo1;Rps7;Tap2;Phldb2;Dtd1;Igfbp5;Il3ra;Nr4a2,2.608695652173913,3,7.334270819173337,5.805788672863606,7.0
TCF3 (human),23,Haghl;Abca3;Mfng;Flna;Flnb;Cdc42ep5;Actn4;Mapk13;Creld2;Cd40;Gch1;Mrps34;Dnajb11;Dstn;Plec;Tef;Nr1d1;Bcam;Rnh1;Yipf2;Hmgn2;Il3ra;Dbp,2.608695652173913,3,6.758794048020171,5.978147569105636,7.0
SNAI1 (human),23,Haghl;Abca3;Mfng;Flna;Flnb;Cdc42ep5;Actn4;Mapk13;Creld2;Cd40;Gch1;Mrps34;Dnajb11;Dstn;Plec;Tef;Nr1d1;Bcam;Rnh1;Yipf2;Hmgn2;Il3ra;Dbp,2.608695652173913,3,6.758794048020171,5.978147569105636,7.0
TFAP2A (human),51,Mbd1;Neat1;Ndufaf3;Prpf40a;Tmem176b;Mrps34;Sufu;Ndufb10;Plec;Cdkn2c;Fkbp4;Atp1b1;Cope;Clock;Slc29a1;Pfkfb3;Per3;Stbd1;Atp2b2;Rpl10;Adra2a;Tppp3;Aldh3a1;Sgta;Dll1;Aif1l;Sult1a1;Fos;Golm1;Ccdc85b;Cirbp;Hhex;Egr3;Otud4;Rnf4;Nr1d2;Lrpap1;Polr2j;Trappc6a;Haghl;Psmb9;Abca3;Vamp5;Mrpl17;Zbtb16;Atp5j;Tspan4;Timm23;Cdk5;Myh11;Nr4a2,2.588235294117647,3,8.305243514168566,4.695643523204891,7.0
FOXA1 (human),28,Ap2s1;Sult1a1;Fos;Rilpl2;Snx18;Golm1;Commd4;Ufc1;Cd40;Sdc4;Gch1;Dnajb11;Dolk;Ostc;Vcl;Cnn2;Pld3;Ehd2;Pcyox1l;Fmo1;Dhrs7;Timm9;Polr2j;Tcerg1;Nme1;Krt18;Gnpda2;Pycr2,2.5714285714285716,1,5.219468985117987,5.975630578493127,3.0
YY1 (mouse),33,Ccdc3;Fos;Pdcd4;Nip7;Smarca2;Rnf144a;Otud4;Nav2;Cd9;Lrpap1;Snapin;Apold1;Cdkn2c;Hmgn2;Cebpd;Polr2j;Klhdc3;Acyp2;Mrpl20;Ikbip;Birc6;Ubfd1;Commd6;Per3;Per1;Palm;Slc50a1;Nr2c2ap;Nacc1;Il3ra;Grasp;Nme1;Pdzd2,2.545454545454546,3,7.252391571128749,5.532174822098469,7.0
E2F6 (human),33,Dll1;Ciao1;Fos;Pfkfb3;Hhex;Egr3;Ndufaf3;Tspan4;Prpf40a;Creld2;Gch1;Per3;Otud4;Dstn;Vcl;Nav2;Plec;Atp2b4;Atp2b2;Rtp4;Gamt;Rnf4;Nr1d2;Rnh1;Stmn1;Fosb;Cdk5;Cebpd;Thbd;Tcerg1;Lmo4;Acsf2;Trappc6a,2.545454545454546,3,9.143138325102449,5.486525238179626,7.0
CACYBP (human),19,Haghl;Aif1l;Mrpl38;Slc29a1;Mapk13;Egr3;Ndufaf3;Tspan4;Prpf40a;Tmem176b;Plec;Atp2b2;Adcy4;Nr1d1;Hmgn2;Il3ra;Thbd;Ephx1;Nr4a2,2.526315789473684,4,8.920734185756217,5.320528854271086,9.0
CREB1 (mouse),19,Psmb9;Ciao1;Fos;Slc29a1;Pfkfb3;Cirbp;Txn2;Mt1;Churc1;Nr2c2ap;Bcam;Cebpd;Thbd;Guf1;Dtymk;Lias;Tmed4;Myh9;Trappc6a,2.526315789473684,1,6.253661572497385,4.793085961051881,3.0
TP53 (mouse),19,Scp2;Ikbip;Fos;Rilpl2;Nip7;Arpc3;Arl2;Actn4;Rgl2;Creld2;Dctn6;Thyn1;Bcam;Ier3;Ankrd40;Snrpc;Nacc1;Tmed4;Sgta,2.526315789473684,2,6.013087784493349,5.739779312846099,5.0
TP53 (human),43,Sult1a1;Scp2;Snx17;Cenpb;Med28;Fbxo34;Ech1;Ppa2;Prpf40b;Dnajb11;Cnn2;Nav2;Pld3;Cd9;Ehd2;Snapin;Cebpd;Thbd;Klhdc3;Lmo4;Acyp2;Dbp;Trappc6a;Rbp1;Hsph1;Flna;Ubfd1;Creld2;Ostc;Palm;Atp2b4;Dctn6;Nr2c2ap;Fmo1;Tmem141;Tmem14a;Nacc1;Nes;Cmc1;Mgst3;Clic4;Ephx2;Ebpl,2.5116279069767447,2,6.297466478946914,5.838721293536369,5.0
YY1 (human),72,Scp2;Fbxo34;Uqcrb;Ech1;Rnf144a;Dnajb11;St3gal5;Cdkn2c;Wdr12;Cops2;Cebpd;Tcerg1;Dtymk;Lias;Cope;Gpsm3;Dbp;Arhgdib;Rbp1;Hsph1;Klk10;Per1;Ostc;Thyn1;Nr2c2ap;Tmem141;Phldb2;Il3ra;Krt18;Sgta;Chchd2;Pon2;Ciao1;Smpd3;Nip7;Arpc3;Ccdc85b;Egr3;Vcam1;Pyroxd1;Nav2;Rnf4;Nr1d2;Ehd2;Snapin;Tead1;Dhrs7;Ascc3;Hmgn2;Maged2;P4ha1;Sptbn1;Lmo4;Atp5g1;Haghl;Psmb9;Vamp5;Mrpl17;Atp5j;Mapk13;St6gal1;Rgl2;Cd40;Palm;Churc1;Bace2;Ier3;Timm23;Fmo2;Igfbp5;Cdo1;Nr4a2,2.5000000000000004,1,5.622080037198096,5.8880321754892435,3.0
ARNT (human),24,Haghl;Psmb9;Abca3;Mrpl20;Fos;Zbtb16;Pdcd4;Birc6;Cirbp;Tspan4;Dstn;Nav2;Plec;Rnh1;Apold1;Tmem158;Adra2a;Thbd;Uqcr10;Lias;Lmo2;Myh11;Nr4a2;Aldh3a1,2.5000000000000004,3,10.120990079355405,5.780752516836285,7.0
RXRA (human),24,Sult1a1;Slc29a1;Rnaseh2b;Cdc42ep5;Actn4;Tagln;Psmb10;St6gal1;Ufc1;Mrps16;Kalrn;Per1;Dolk;Pld3;Rtp4;Nr1d1;Nr1d2;Smc4;Ier3;Dtd1;Krt18;Gnpda2;Cope;Chchd2,2.5000000000000004,2,7.341011192758417,4.423596244528417,5.0
ZBTB7A (human),24,Psmb9;Abca3;Ciao1;Ccdc3;Mbd1;Fos;Flnb;Arl2;Atp5j;Hhex;Tspan4;Prpf40b;Creld2;Tmem176b;Per3;Ndufb10;Acaa2;Rnh1;Smc4;Fosb;Snrpc;Vipr1;Maged2;Myh9,2.5000000000000004,3,7.921895667043892,5.263003934125516,7.0
GATA2 (human),135,Scp2;Mbd1;Pdcd4;Fbxo34;Prpf40a;Mrps34;Hs3st1;Txn2;Plec;Gamt;Tef;Cdkn2c;Fkbp4;Lemd3;Dtymk;Acyp2;Hsph1;Pfkfb3;Art4;Klk10;Creld2;Gch1;Rtp4;Rpl10;Rnf125;Tmem158;Erh;Il3ra;Grasp;Snrpb2;Tgfb2;Ephx2;Pomp;Pon2;Dll1;Ciao1;Crlf2;Golm1;Mfng;Hhex;Tagln;Kalrn;Ppia;Tead1;Snrpc;Hira;Pycr2;Atp5g3;Vamp5;Ptgs2;Lrrc3b;Cyb5a;Atp5j;Tspan4;Tmed10;Bace2;Igfbp5;Cmc1;Mgst3;Mgst1;Nme1;Gnpda2;Myh11;Lgmn;Ccdc3;Snx17;Snx18;Uqcrb;Etfb;Usf1;Adcy4;Smc4;Pcyox1l;Wdr12;Lbp;Ifitm2;Ifitm3;Gpsm3;Clock;Arhgdib;Rnaseh2b;Per3;Ccdc157;Ostc;Atp2b4;Atp2b2;Nr2c2ap;Lamtor1;Phldb2;Lmod1;Cxcl1;Itgb3bp;Aif1l;Sult1a1;Cenpb;Med28;Med31;Actn4;Smarca2;Egr3;Pyroxd1;Nav2;Rnf4;Rnh1;Snapin;Dhrs7;Ascc3;Polr2j;Maged2;Cbr1;Klhdc3;Lmo2;Lmo4;Srgn;Psmd4;Abca3;Klf15;Il20rb;Mrpl20;Mrpl27;Lefty1;Zbtb16;St6gal1;Cd40;Cd81;Dctn6;Gabpb1;Stmn1;Timm23;Adipor2;Fmo1;Fmo2;Gpx7;Cdk5;Cdo1,2.488888888888889,3,6.671564493197382,5.06092517073523,7.0
NRF1 (human),29,Abca3;Mrpl17;Mbd1;Pdcd4;Flnb;Med28;Pfkfb3;Uqcrb;Slc25a3;Actn4;Dync1h1;Sufu;Tef;Nr1d1;Rnh1;Smc4;Lrpap1;Fosb;Yipf2;Mcm6;Polr2j;Cmc1;Maged2;Tppp3;P4ha1;Tmed4;Cbr1;Gnpda2;Clock,2.4827586206896552,1,6.355925252833051,5.938302035086774,3.0
FOXF1 (human),29,Rbp1;Pon2;Il20rb;Hsph1;Sult1a1;Fos;Rilpl2;Golm1;Etfb;Actn4;Commd4;Ufc1;Sdc4;Gch1;Sufu;Dnajb11;Dolk;Vcl;Cnn2;Pld3;Tef;Ehd2;Fmo2;Timm9;Snrpc;Tcerg1;Nme1;Krt18;Pycr2,2.4827586206896552,1,5.176112613872926,6.756214772832153,3.0
TCF4 (human),58,Gstm1;Uqcrb;Ip6k2;Etfb;Prpf40b;Mrps16;Fam3c;Dennd4a;Ndufb10;Fosb;Edn1;Clock;Hsph1;Oaz1;Slc29a1;Rnaseh2b;Commd2;Art4;Klk10;Per1;Dstn;Nhlrc3;Rnf125;Tmem158;Lamtor1;Ankrd40;Plcb1;Tmem141;Phldb2;Snrpb2;Ephx1;Acsf2;Aldh3a1;Lmod1;Sgta;Pon2;Golm1;Mfng;Med31;Ppia;Nav2;Nr1d1;Ehd2;Snrpc;Sec11c;Twist1;Lmo2;Ap2s1;Ndufc2;Atp5j;Tspan6;Churc1;Timm23;Fmo2;Adam9;Mall;Mgst1;Gnpda2,2.4827586206896552,3,6.613736970115047,5.248532682536606,7.0
GATA1 (human),34,Scp2;Snx17;Uqcrb;Ppa2;Tmem176b;Usf1;Rnf4;Nr1d2;Elk3;Pcyox1l;Dhrs7;Snrpc;Lemd3;Maged2;Tmed4;Lmo4;Srgn;Mrpl17;Il20rb;Atp5j;Ndufa4;Commd2;Dbnl;Ostc;Atp2b2;Timm23;Fmo1;Fmo2;Ankrd40;Adra2a;Mgst1;Krt18;Ctnna1;Lmod1,2.4705882352941178,1,6.157630684317563,5.157396739288659,3.0
NFKB1 (human),59,Mbd1;Ndufaf3;Sdc4;Tmem176b;Dnajb11;Txn2;Plec;Tef;Elk3;Cdkn2c;Fosb;Mcm6;Lbp;Dtymk;Parp2;Rbm3;Rbp1;Cdc42ep5;Pfkfb3;Per3;Atp2b2;Slc50a1;Rpl10;Rnf125;Tap2;Il3ra;Grasp;Aldh3a1;Cxcl1;Chchd2;Sult1a1;Smpd3;Golm1;Mfng;Arpc3;Med31;Cirbp;Tspan14;Egr3;Ascc3;Hmgn2;Polr2j;P4ha1;Atp5g1;Psmb9;Abca3;Lefty1;Flna;Ubfd1;Cyb5a;Atp5j;Mapk13;Rgl2;Tspan6;Tspan4;Cd40;Cdk5;Myh11;Nr4a2,2.440677966101695,3,6.729504783406979,5.425984301253941,7.0
FOXL1 (human),70,Scp2;Snx18;Fbxo34;Psmb10;Ndufaf3;Prpf40b;Hs3st1;Cnn2;Pld3;Tef;Smc4;Elk3;Wdr12;Fkbp4;Lbp;Lias;Parp2;Atp1b1;Hsph1;Ikbip;Cdc42ep5;Commd2;Klk10;Per3;Acaa2;Tmem158;Phldb2;Erh;Guf1;Dlat;Ephx1;Cxcl1;Itgb3bp;Pon2;Sult1a1;Arpc3;Med31;Hhex;Actn4;Smarca2;Kalrn;Otud4;Nr1d1;Ehd2;Lrpap1;Tead1;Ascc3;Maged2;Sptbn1;Srgn;Pycr2;Atp5g3;Atp5g1;Psmd4;Ap2s1;Klf15;Cyb5r4;Mrpl27;Ptgs2;Lrrc3b;Churc1;Gabpb1;Stmn1;Ier3;Timm23;Fmo2;Rps7;Gpx7;Mgst1;Nme1,2.4000000000000004,1,6.084409259709169,5.277254327684699,3.0
PGR (human),25,Klf15;Hsph1;Sult1a1;Snx18;Lrrc3b;Atp5j;Kalrn;Dync1h1;Pyroxd1;Acaa2;Nav2;Rtp4;St3gal5;Stmn1;Tmem158;Fosb;Snrpc;Phldb2;Cmc1;Tcerg1;Maged2;Lias;Tgfb2;Srgn;Dbp,2.4000000000000004,3,7.973961372153656,5.998971069817959,7.0
Myb (mouse),40,Pomp;Scx;Samd4;Lgmn;Mfng;Pdcd4;Med28;Uqcrb;Smarca2;Ndufaf3;Tmem176b;Dync1h1;Vcam1;Ppia;Nav2;Plec;Tef;Nr1d2;Cmklr1;Timm9;Lias;Lmo2;Trappc6a;Atp5g1;Mrpl20;Arl2;Commd4;Commd2;Per1;Stbd1;Ccdc157;Palm;Churc1;Dctn6;Ankrd40;Rps7;Nacc1;Cdo1;Nr4a2;Pdzd2,2.4000000000000004,3,6.4425942746107,6.160870931940104,7.0
NR1I2 (human),20,Rbp1;Mrpl17;Mrpl27;Oaz1;Flnb;Cdc42ep5;Uqcrb;Ech1;Ufc1;Cd40;Cnn2;Tef;Nr1d1;Ehd2;Rnh1;Il3ra;Mcm6;Cebpd;Krt18;Atp5g1,2.4000000000000004,1,3.5104426638920785,4.846149940836483,3.0
NR1H3 (human),20,Flnb;Arpc3;Tspan4;Ufc1;Cd40;Gch1;Txn2;Cnn2;Plec;Ahnak;Rnf4;Nr1d2;Ehd2;Rnh1;Yipf2;Il3ra;Mcm6;Mgst1;Nme1;Acyp2,2.4000000000000004,2,5.588573977555658,5.670847180655979,5.0
Stat3 (mouse),30,Mbd1;Smpd3;Pdcd4;Tspan14;Actn4;Kalrn;Dennd4a;Usf1;Tead1;Timm9;Cops2;Fgd4;Mcm6;Sec11c;Twist1;Klhdc3;Hira;Rbm3;Psmd4;Abca3;Cyb5r4;Flnb;St6gal1;Tspan6;Vcl;Mt1;Churc1;Nacc1;Ebpl;Cxcl1,2.4000000000000004,8,10.384599328249497,8.18371786071198,17.0
TEAD1 (human),20,Sult1a1;Mbd1;Mfng;Smarca2;Ppa2;Otud4;Elk3;Apold1;Snrpc;Ifitm2;Ifitm3;Lias;Klf15;Mrpl38;Ndufc2;Atp5j;Rgl2;Bzw2;Tgfb2;Cxcl1,2.4000000000000004,1,8.135303499824907,5.953562340965197,3.0
NFIA (human),15,Haghl;Hsph1;Sult1a1;Mrpl34;Slc29a1;Cenpb;Smarca2;Kalrn;Tef;Adcy4;Pcyox1l;Maged2;Edn1;Ephx2;Acsf2,2.4000000000000004,5,8.48514235780059,6.449163669173727,11.0
REPIN1 (human),25,Psmb9;Dll1;Klf15;Dynll1;Slc29a1;Med31;Atp5j;Cirbp;Actn4;Egr3;Rnf144a;Ppia;Otud4;Nav2;Usf1;Rnh1;Tmem141;Cdk5;Ifitm2;Maged2;Tmed4;Fbln5;Cxcl1;Dbp;Thbs1,2.4000000000000004,2,5.072615611968161,4.825278265580723,5.0
RARA (human),25,Ap2s1;Aif1l;Oaz1;Apeh;Flnb;Arpc3;Ech1;Commd4;Ndufaf3;Tspan4;Cd40;Gch1;Cnn2;Tef;Ahnak;Rnf4;St3gal5;Nr1d2;Rnh1;Yipf2;Mcm6;Arfgap1;Dlat;Acyp2;Atp5g1,2.4000000000000004,3,6.769407364214075,4.891973568865752,7.0
TCFAP2A (human),20,Haghl;Dll1;Fos;Cenpb;Fbxo34;Pfkfb3;Egr3;Tspan4;Per3;Palm;Acaa2;Plec;Rpl10;Rnf4;Nr1d2;Rnh1;Apold1;Plcb1;Ctnna1;Atp1b1,2.4000000000000004,4,10.650232364964236,5.17505792840801,9.0
SRF (human),60,Lgmn;Rdh11;Etfb;Ndufaf3;Sufu;Fam3c;Dnajb11;Plec;Tef;Fosb;Lbp;Tcerg1;Acyp2;Dbp;Pfkfb3;Commd6;Creld2;Gch1;Ostc;Atp2b2;Rtp4;Ankrd40;Tmem14a;Phldb2;Grasp;Snrpb2;Ephx1;Aldh3a1;Itgb3bp;Dll1;Aif1l;Fos;Smarca2;Tagln;Vcam1;Lrpap1;Apold1;Sec11c;Twist1;P4ha1;Lmo2;Fbln5;Myh9;Trappc6a;Thbs1;Vamp5;Mrpl17;Il20rb;Mrpl38;Lefty1;Cyb5a;Atp5j;St6gal1;Churc1;Dctn6;Bace2;Fmo2;Rps7;Cdk5;Ebpl,2.4000000000000004,3,6.5901716788646425,5.798818672495571,7.0
NFYA (human),40,Lgmn;Snx17;Rdh11;Kalrn;Sufu;Vcam1;Dnajb11;Otud4;Ndufb10;Tef;Rnf4;Fkbp4;Mcm6;Lbp;Lemd3;Sec11c;Ifitm2;Tcerg1;Lmo2;Hira;Fbln5;Dbp;Trappc6a;Atp5g1;Rbm3;Il20rb;Ikbip;Lefty1;Cyb5a;Creld2;Tmed10;Gch1;Ostc;Atp2b2;Churc1;Rtp4;Ier3;Phldb2;Ephx2;Ebpl,2.4000000000000004,3,5.986212072364603,5.3034429799031155,7.0
ZNF281 (human),20,Ccdc3;Slc29a1;Atp5j;Tspan14;Etfb;Ndufaf3;Tspan6;Dnajb11;Dstn;Vcl;Txn2;Cnn2;Plec;Grasp;Cebpd;Polr2j;Twist1;Tppp3;Sptbn1;Fbln5,2.4000000000000004,3,1.9361752818881022,5.985863778654096,7.0
E2F1 (human),75,Gstm1;Mbd1;Snx18;Etfb;Mrps34;Sufu;Hs3st1;Dennd4a;Ndufb10;Plec;Gamt;Tef;Smc4;Cdkn2c;Fosb;Cops2;Fkbp4;Mcm6;Thbd;Tcerg1;Parp2;Atp1b1;Gpsm3;Dbp;Dynll1;Pfkfb3;Creld2;Per1;Dstn;Ostc;Atp2b2;Rtp4;Lamtor1;Tmem141;Vipr1;Tppp3;Itgb3bp;Chchd2;Ciao1;Sult1a1;Fos;Med28;Med31;Egr3;Otud4;Nav2;Rnf4;Nr1d2;Rnh1;Cmklr1;Timm9;Yipf2;Polr2j;Sec11c;Hira;Atp5g3;Psmb9;Psmd4;Abca3;Klf15;Mrpl17;Ptgs2;Flna;Tspan6;Gabpb1;Stmn1;Adipor2;Fmo1;Adam9;Bzw2;Uqcr10;Mgst3;Mgst1;Nme1;Nr4a2,2.4000000000000004,3,7.13103294038216,5.680340115819082,7.0
NR2F1 (human),20,Abca3;Mrpl27;Ccdc3;Slc29a1;Uqcrb;Etfb;Tmem176b;Fam3c;Dstn;Pld3;Slc50a1;Adcy4;Nr2c2ap;Phldb2;Lbp;Guf1;Cdo1;Lmo2;Dbp;Atp5g1,2.4000000000000004,1,7.723104372652733,6.77548786428252,3.0
RORB (human),20,Abca3;Mrpl27;Ccdc3;Slc29a1;Uqcrb;Etfb;Tmem176b;Fam3c;Dstn;Pld3;Slc50a1;Adcy4;Nr2c2ap;Phldb2;Lbp;Guf1;Cdo1;Lmo2;Dbp;Atp5g1,2.4000000000000004,1,7.723104372652733,6.77548786428252,3.0
NR5A2 (mouse),30,Aif1l;Ccdc3;Crlf2;Tagln;Prpf40b;Prpf40a;Mrps16;Tmem176b;Mrps34;Sdhb;Nav2;Plec;Pld3;Nr1d1;Bcam;Pcyox1l;Cbr1;Fbln5;Abca3;Mrpl38;Rgl2;Palm;Atp2b2;Rtp4;Ahnak;Bmyc;Rnf125;Dlat;Acsf2;Sgta,2.4000000000000004,4,7.717583282037074,5.152892559386668,9.0
GFI1 (human),30,Sult1a1;Scp2;Mrpl38;Flnb;Pfkfb3;Slc25a3;Actn4;St6gal1;Ndufaf3;Rgl2;Ufc1;Cd40;Otud4;Vcl;Txn2;Pld3;Nr2c2ap;Ehd2;Snapin;Rnf125;Rps7;Tap2;Dtd1;Erh;Krt18;Acyp2;Pdzd2;Pycr2;Sgta;Atp5g1,2.4000000000000004,3,5.758340400844622,5.42741226937893,7.0
ARID3A (mouse),25,Med31;Cirbp;Rnf144a;Kalrn;Sufu;Gamt;Bcam;Rnh1;Snrpc;Lmo4;Cope;Atp5g1;Psmd4;Vamp5;Cyb5r4;Ikbip;Mrpl27;Oaz1;Arl2;Stbd1;Dctn6;Il3ra;Nes;Clic4;Ephx1,2.4000000000000004,1,6.682573001159543,4.706922686248074,3.0
CRTC3 (human),15,Rbp1;Hsph1;Mrpl27;Zbtb16;Fbxo34;Pfkfb3;Art4;Per1;Ndufb10;Bace2;Apold1;Lamtor1;Mgst1;Aldh3a1;Cxcl1,2.4000000000000004,3,7.537653282166815,4.828202382115364,7.0
EGR1 (mouse),30,Pomp;Dll1;Crlf2;Cenpb;Hhex;Actn4;Ppa2;Rnf144a;Mrps16;Fam3c;Plec;Tead1;Cdkn2c;Yipf2;Hmgn2;Twist1;Cbr1;Lmo4;Klf15;Mrpl34;Arl2;Per3;Dstn;Dolk;Palm;Adra2a;Cdk5;Il3ra;Clic4;Ephx2,2.4000000000000004,2,6.814314160452584,6.573020767461264,5.0
NFE2 (human),35,Aif1l;Sult1a1;Snx17;Mfng;Ip6k2;Kalrn;Dync1h1;Plec;Tef;Rnf4;Nr1d2;Cdkn2c;Lbp;Lemd3;Thbd;Twist1;Cbr1;Hira;Pycr2;Il20rb;Lefty1;Rilpl2;Zbtb16;Pfkfb3;Commd6;Gch1;Dstn;Atp2b2;Rtp4;Slc50a1;Ahnak;Bace2;Rnf125;Gpx7;Cxcl1,2.4000000000000004,3,8.536337219852243,5.380644752097907,7.0
KLF13 (human),30,Ap2s1;Sult1a1;Ikbip;Mrpl38;Mbd1;Mfng;Pdcd4;Med31;Ccdc85b;Etfb;Tagln;Egr3;Tspan4;Tmem176b;Per1;Sufu;Dennd4a;Plec;Atp2b4;Atp2b2;Cd9;Wdr12;Rnf125;Lamtor1;Grasp;Ctnna1;Klhdc3;Ephx1;Myh9;Cxcl1,2.4000000000000004,3,8.700375437388814,5.096319728950358,7.0
HOXA5 (human),36,Dll1;Sult1a1;Gstm1;Nip7;Arpc3;Hhex;Psmb10;Kalrn;Nr1d1;Nr1d2;Ehd2;Tead1;Cops2;Fkbp4;Fgd4;Maged2;Dtymk;Atp5g1;Rbm3;Mrpl17;Ikbip;Mrpl34;Lrrc3b;Ubfd1;Slc25a3;Atp5j;Commd4;Commd2;Commd6;Klk10;Dbnl;Gch1;Tmem158;Tmem14a;Mgst1;Krt18,2.3333333333333335,1,5.708909055321025,4.4369478013258465,3.0
PCBP1 (human),26,Haghl;Dll1;Pfkfb3;Tspan14;Etfb;Egr3;Tspan4;Sdc4;Per3;Vcl;Txn2;Plec;Tef;Rpl10;Nr1d2;Rnh1;Stmn1;Apold1;Nacc1;Grasp;Arfgap1;Sptbn1;Ctnna1;Atp1b1;Myh9;Dbp,2.307692307692308,4,8.168037904061539,6.929121132376606,9.0
CREB1 (human),47,Scp2;Mbd1;Fos;Snx18;Fbxo34;Uqcrb;Etfb;Ufc1;Kalrn;Fam3c;Cnn2;Nav2;Plec;Tef;St3gal5;Nr1d2;Apold1;Tead1;Cdkn2c;Fosb;Ascc3;Ifitm2;Edn1;Lias;Cbr1;Hira;Gpsm3;Atp5g1;Rbm3;Rbp1;Ptgs2;Flna;Ubfd1;St6gal1;Tspan4;Klk10;Acaa2;Ndufs5;Churc1;Stmn1;Ier3;Bzw2;Il3ra;Nr4a2;Aldh3a1;Sgta;Chchd2,2.297872340425532,1,7.176756639688106,6.033192241019071,3.0
RBPJ (human),21,Lgmn;Hsph1;Cyb5r4;Mbd1;Fos;Flna;Fbxo34;Commd6;Cd40;Hs3st1;Dstn;Atp2b4;Cd9;Nr1d1;Elk3;Cmklr1;Tmem141;Tmem14a;Parp2;Fbln5;Gpsm3,2.2857142857142856,1,5.429087090532132,5.939769720203012,3.0
RUNX2 (mouse),21,Pon2;Sult1a1;Gstm1;Fbxo34;Psmb10;Ube2n;Txn2;Plec;Lbp;Ifitm3;Dtymk;Cbr1;Parp2;Rbm3;Haghl;Rbp1;Ap2s1;Ccdc157;Palm;Arfgap1;Pdzd2,2.2857142857142856,1,6.487343302054807,5.406912053250463,3.0
KLF4 (human),21,Slc29a1;Zbtb16;Flna;Cirbp;Etfb;Egr3;Tspan4;Prpf40a;Tmem176b;Txn2;Plec;Atp2b4;Atp2b2;Nr1d1;Nr1d2;Cmklr1;Tmem141;Thbd;Ephx1;Nr4a2;Dbp,2.2857142857142856,4,9.988058040159725,5.5869094584130465,9.0
SREBF2 (human),21,Vamp5;Fos;Slc29a1;Zbtb16;Cyb5a;Ip6k2;Egr3;Ndufaf3;Nav2;Plec;Atp2b2;Cd9;Rnf4;St3gal5;Nr1d1;Bace2;Bcam;Lrpap1;Hmgn2;Thbd;Uqcr10,2.2857142857142856,1,6.906146279001543,5.665694772905452,3.0
REL (mouse),37,Dll1;Samd4;Aif1l;Fos;Etfb;Psmb10;Rnf144a;Prpf40a;Dync1h1;Nudt4;Txn2;Plec;Rnf4;Rnh1;Tead1;Timm9;Thbd;Edn1;Atp1b1;Gpsm3;Psmb9;Slc29a1;Ndufc2;Commd4;Commd6;Art4;Cd40;Dbnl;Cd81;Rpl10;Fmo2;Gpx7;Il3ra;Cdo1;Myh11;Acsf2;Cxcl1,2.2702702702702706,2,3.9934874782018586,6.249647073727984,5.0
FOS (human),16,Il20rb;Birc6;Ip6k2;Actn4;Mapk13;Commd6;Dync1h1;Sdhb;Vcam1;Plec;Nr1d1;Ehd2;Cmklr1;Pcyox1l;Nme1;Rbm3,2.25,2,4.890457579189988,6.064132268837953,5.0
CRTC1 (human),16,Dll1;Sult1a1;Golm1;Slc25a3;Hhex;Tspan6;Vcam1;Dctn6;Pcyox1l;Fmo2;Igfbp5;Erh;Parp2;Lmo2;Lmo4;Gnpda2,2.25,1,7.01523238183626,5.087445490424529,3.0
POU1F1 (mouse),16,Samd4;Snx17;Nip7;Plec;Ifitm2;Lmo2;Lmo4;Rbm3;Klf15;Rilpl2;Lrrc3b;St6gal1;Dbnl;Ndufs5;Tmem141;Ctnna1,2.25,2,4.948059879431955,6.133854032759755,5.0
En1 (mouse),16,Ap2s1;Lgmn;Mrpl27;Mrpl38;Cdc42ep5;Rnf144a;Art4;Per3;Ostc;Atp2b2;Adcy4;Rnh1;Tead1;Ankrd40;Thbd;Thbs1,2.25,3,3.993877120946822,9.661008692767073,7.0
NFAT2 (human),16,Mrpl17;Il20rb;Mbd1;Tspan6;Tmem176b;Per1;Sufu;Vcl;St3gal5;Elk3;Adipor2;Fmo1;Fmo2;Ascc3;Dtd1;Clock,2.25,3,7.817826614050993,6.830266627514951,7.0
ETS1 (mouse),32,Uqcrb;Ip6k2;Hhex;Mrps16;Kalrn;Nudt4;Dnajb11;Otud4;Plec;Gamt;Rnf4;Nr1d2;Cmklr1;Tead1;Mcm6;Ifitm2;Maged2;Twist1;Atp1b1;Pycr2;Ap2s1;Abca3;Ikbip;Mrpl27;Mrpl34;Rilpl2;Commd2;Klk10;Il3ra;Cdo1;Ephx1;Itgb3bp,2.25,1,5.901662639488397,5.493653858357858,3.0
MIB2 (human),27,Pon2;Abca3;Aif1l;Gstm1;Dynll1;Fos;Snx17;Smpd3;Mfng;Arl2;Slc25a3;Atp5j;Ccdc85b;Tspan4;Cd40;Dbnl;Per1;Dstn;Palm;Nav2;Plec;Pld3;Yipf2;Fkbp4;Sec11c;Atp5g3;Rbm3,2.2222222222222223,3,6.638402335797023,5.682271601522634,7.0
FOXC1 (human),175,Gstm1;Fbxo34;Rdh11;Rnf144a;Sufu;Hs3st1;Txn2;Plec;Plk3;Bcam;Elk3;Fkbp4;Hsph1;Cdc42ep5;Klk10;Rtp4;Rpl10;Rnf125;Adra2a;Guf1;Dlat;Tgfb2;Pomp;Pon2;Dll1;Fos;Golm1;Nip7;Cirbp;Ppa2;Kalrn;Timm9;Yipf2;Twist1;P4ha1;Fbln5;Trappc6a;Atp5g3;Atp5g1;Ap2s1;Vamp5;Cyb5a;Mapk13;Tspan6;Tspan4;Tmed10;Igfbp5;Cmc1;Mgst3;Mgst1;Myh11;Ccdc3;Uqcrb;Ndufaf3;Ndufb10;Wdr12;Lbp;Ifitm2;Ifitm3;Lias;Atp1b1;Arhgdib;Dynll1;Rnaseh2b;Dstn;Ostc;Atp2b4;Atp2b2;Slc50a1;Tap2;Acsf2;Lmod1;Cxcl1;Chchd2;Sult1a1;Cenpb;Smarca2;Ufc1;Otud4;Pyroxd1;Nr1d1;Lrpap1;Snapin;Dhrs7;Ascc3;Hmgn2;Polr2j;Lmo2;Klhdc3;Psmd4;Mrpl17;Mrpl20;Mrpl38;Lefty1;St6gal1;Scp2;Pdcd4;Psmb10;Prpf40a;Mrps16;Sdc4;Dync1h1;Mrps34;Sdhb;Dennd4a;Gamt;Tef;Cdkn2c;Cops2;Dtymk;Tmed4;Rbm3;Rilpl2;Creld2;Gch1;Stbd1;Ankrd40;Snrpb2;Vipr1;Clic4;Ephx1;Ephx2;Sgta;Ciao1;Hhex;Vcam1;Sptbn1;Hira;Myh9;Cyb5r4;Atp5j;Ebpl;Snx17;Snx18;Ip6k2;Tmem176b;Usf1;Smc4;Pcyox1l;Fgd4;Clock;Oaz1;Commd4;Commd2;Commd6;Dbnl;Per3;Ccdc157;Acaa2;Nhlrc3;Plcb1;Phldb2;Krt18;Aldh3a1;Itgb3bp;Arpc3;Med31;Nav2;Rnf4;Ehd2;Rnh1;Cmklr1;Maged2;Cbr1;Thbs1;Zbtb16;Birc6;Stmn1;Fmo1;Fmo2;Rps7;Gpx7;Mall;Cdo1;Ctnna1,2.1942857142857144,3,6.470202971251904,5.582153106172655,7.0
SP3 (human),22,Haghl;Dll1;Slc29a1;Tspan14;Etfb;Tspan4;Prpf40b;Per3;Txn2;Plec;Tef;Nr1d2;Bcam;Rnh1;Apold1;Tmem158;Tmem141;Grasp;Sptbn1;Ctnna1;Atp1b1;Myh9,2.181818181818182,3,7.3203262275651655,6.103483766488646,7.0
ELK1 (mouse),33,Samd4;Lgmn;Nip7;Ip6k2;Actn4;Dnajb11;Plec;Pld3;Dhrs7;Snrpc;Mcm6;Hira;Cope;Dbp;Trappc6a;Rbm3;Ap2s1;Mrpl20;Cyb5r4;Ikbip;Rnaseh2b;Slc25a3;Ndufa4;Tspan4;Klk10;Creld2;Dbnl;Per1;Stbd1;Dolk;Nacc1;Arfgap1;Tppp3,2.181818181818182,2,6.77356525343458,5.692293215961117,5.0
JUN (mouse),22,Sult1a1;Crlf2;Ccdc85b;Dennd4a;Pyroxd1;Cnn2;Plec;Nr1d1;Snapin;Tead1;Cope;Dbp;Hlf;Rbm3;Tspan6;Per1;Atp2b4;Atp2b2;Churc1;Ankrd40;Arfgap1;Chchd2,2.181818181818182,3,8.879283853271367,5.5551735993338305,7.0
Pdx1 (mouse),11,Lefty1;Rnaseh2b;Med31;Ech1;Ccdc157;Vcam1;Dennd4a;Dstn;Wdr12;Lmo4;Myh11,2.181818181818182,3,9.44037138439402,6.166409279821838,7.0
NFKB1 (mouse),61,Lgmn;Scp2;Gstm1;Psmb10;Rnf144a;Ndufaf3;Dennd4a;Txn2;Plec;Pld3;St3gal5;Bcam;Fosb;Lbp;Cebpd;Thbd;Ifitm2;Atp1b1;Dbp;Clock;Rnaseh2b;Klk10;Creld2;Per3;Per1;Dstn;Acaa2;Mt1;Tmem158;Tmem141;Il3ra;Grasp;Clic4;Dlat;Lmod1;Cxcl1;Chchd2;Dll1;Samd4;Aif1l;Mfng;Nip7;Actn4;Smarca2;Egr3;Hmgn2;Twist1;Lmo2;Abca3;Ptgs2;Atp5j;Tspan6;Palm;Timm23;Fmo2;Igfbp5;Uqcr10;Nme1;Nr4a2;Ebpl;Pdzd2,2.1639344262295084,3,7.004146235818306,6.479943409467355,7.0
IRF8 (human),28,Sult1a1;Scp2;Tagln;Ndufaf3;Mrps16;Vcam1;Otud4;Nr1d1;Nr1d2;Cops2;Hmgn2;Lbp;Thbd;Dtymk;Lmo2;Gpsm3;Hlf;Arhgdib;Hsph1;Rnaseh2b;Commd6;Tspan4;Dbnl;Timm23;Rps7;Tap2;Cdo1;Uqcr10,2.1428571428571432,1,6.162965247749495,4.961852546353341,3.0
TP63 (human),28,Pon2;Psmd4;Mrpl17;Sult1a1;Dynll1;Smpd3;Flna;Flnb;Fbxo34;Ubfd1;Slc25a3;Psmb10;Commd4;Tspan4;Gch1;Cnn2;Pld3;Smc4;Ier3;Ankrd40;Hmgn2;Uqcr10;Mgst1;Dlat;Ephx2;Pycr2;Myh9;Rbm3,2.1428571428571432,2,5.884968370780538,5.283819142140187,5.0
MZF1 (human),28,Klf15;Aif1l;Pdcd4;Slc25a3;Etfb;Tagln;Creld2;Tmem176b;Dync1h1;Nudt4;Stbd1;Ndufb10;Palm;Nav2;Plec;Nr1d2;Smc4;Elk3;Cmklr1;Ier3;Cdkn2c;Guf1;Vipr1;Cmc1;Krt18;Myh11;Nr4a2;Myh9,2.1428571428571432,3,11.333135861449959,6.236193716212453,7.0
TFAP2D (human),28,Aif1l;Mrpl20;Rilpl2;Smpd3;Flna;Birc6;Arl2;Ech1;St6gal1;Ndufaf3;Ufc1;Gch1;Plec;Rnf4;Nr1d1;Ehd2;Snapin;Rnf125;Fosb;Tmem141;Rps7;Fgd4;Polr2j;Mgst1;Krt18;Dlat;Acyp2;Hira,2.1428571428571432,2,6.219943774194325,5.563793566249687,5.0
BRCA1 (human),28,Pomp;Mbd1;Nip7;Rnf144a;Ppia;Nav2;Rnf4;Rnh1;Smc4;Fosb;Lemd3;Sec11c;Ifitm2;Edn1;Lias;Klhdc3;Atp1b1;Clock;Psmb9;Ap2s1;Ndufs5;Atp2b2;Dctn6;Nr2c2ap;Phldb2;Grasp;Ebpl;Lmod1,2.1428571428571432,2,6.318355816262504,5.245898676918616,5.0
PITX2 (human),56,Scp2;Ndufaf3;Sufu;Sdhb;Txn2;Cnn2;St3gal5;Pcyox1l;Fosb;Cops2;Fgd4;Ifitm3;Tmed4;Clock;Rbm3;Rbp1;Hsph1;Dynll1;Pfkfb3;Klk10;Gch1;Ostc;Vcl;Rpl10;Rnf125;Tmem14a;Dtd1;Il3ra;Nes;Guf1;Cxcl1;Sult1a1;Actn4;Ufc1;Kalrn;Nudt4;Nav2;Nr1d1;Snapin;Lmo4;Atp5g1;Ap2s1;Vamp5;Mrpl20;Mrpl38;Flnb;Ubfd1;Slc25a3;Atp5j;St6gal1;Rgl2;Adipor2;Bzw2;Nme1;Gnpda2;Myh11,2.1428571428571432,2,6.907716465509205,5.182499910509078,5.0
CEBPB (human),17,Il20rb;Med28;Pfkfb3;Ip6k2;Commd6;Dync1h1;Sdhb;Otud4;Plec;Atp2b2;Slc50a1;Ehd2;Lbp;Nme1;Krt18;Klhdc3;Aldh3a1,2.11764705882353,3,10.206394239914902,6.119106880424896,7.0
Prrx2 (mouse),23,Dll1;Med31;Ip6k2;Ech1;Vcam1;Dennd4a;Rnh1;Wdr12;Fgd4;Maged2;Lmo2;Lmo4;Mrpl20;Cyb5r4;Lefty1;Rnaseh2b;Flnb;Tmed10;Dstn;Vcl;Thyn1;Adra2a;Myh11,2.0869565217391304,3,4.901318028641321,5.598853435449411,7.0
PPARG (human),58,Scp2;Rdh11;Ip6k2;Sdhb;Txn2;Cnn2;Gamt;Tef;Elk3;Mcm6;Tcerg1;Edn1;Lias;Acyp2;Hsph1;Klk10;Ostc;Vcl;Acaa2;Rnf125;Tmem14a;Dtd1;Il3ra;Tgfb2;Aif1l;Smpd3;Golm1;Mfng;Arpc3;Ufc1;Rnf4;Nr1d1;Ehd2;Rnh1;Cmklr1;Yipf2;Snrpc;Hmgn2;Sec11c;Atp5g3;Atp5g1;Ap2s1;Mrpl17;Mrpl34;Flna;Flnb;Slc25a3;Mapk13;St6gal1;Rgl2;Tspan4;Cd40;Timm23;Fmo2;Gpx7;Uqcr10;Arfgap1;Pdzd2,2.0689655172413794,2,5.860477450751295,5.762078221802612,5.0
TEAD2 (mouse),29,Med28;Etfb;Egr3;Plec;Pld3;Nr1d2;Ehd2;Bcam;Cmklr1;Fosb;Hmgn2;Thbd;Maged2;Twist1;Lmo2;Lmo4;Dbp;Psmb9;Abca3;Slc29a1;Zbtb16;Arl2;Rgl2;Atp2b2;Stmn1;Adipor2;Gpx7;Krt18;Myh11,2.0689655172413794,1,7.454013375411341,7.035918229455017,3.0
MZF1 1-4 (human),29,Aif1l;Ciao1;Mbd1;Mfng;Egr3;Tmem176b;Plec;Usf1;Cd9;Adcy4;Plk3;Bcam;Thbd;Ifitm2;Edn1;Dtymk;Hira;Clock;Hlf;Abca3;Flna;Atp5j;St6gal1;Cd81;Vcl;Cdk5;Mgst1;Krt18;Aldh3a1,2.0689655172413794,3,10.403241559619891,7.07525692341394,7.0
TEAD4 (human),35,Haghl;Dll1;Klf15;Oaz1;Dynll1;Fos;Zbtb16;Mfng;Flna;Pfkfb3;Tspan14;Etfb;Egr3;Tspan4;Prpf40b;Dync1h1;Sufu;Vcl;Palm;Plec;Atp2b2;Tef;Nr1d2;Bcam;Rnh1;Stmn1;Tmem158;Plcb1;Tmem141;Grasp;Polr2j;Ctnna1;Atp1b1;Ebpl;Dbp,2.0571428571428574,3,8.78090694201508,5.604724278097577,7.0
WT1 (human),41,Dll1;Mbd1;Apeh;Arpc3;Egr3;Prpf40b;Otud4;Cnn2;Plec;Nr1d1;Nr1d2;Rnh1;Snapin;Apold1;Cdkn2c;Fosb;Snrpc;Atp1b1;Hira;Atp5g1;Abca3;Mrpl17;Oaz1;Dynll1;Flna;Cdc42ep5;Pfkfb3;Tspan4;Per3;Dstn;Vcl;Acaa2;Ndufs5;Atp2b4;Slc50a1;Timm23;Plcb1;Cdk5;Mgst1;Ctnna1;Nr4a2,2.0487804878048785,4,9.27353903476366,6.385517714396835,9.0
TBX5 (mouse),18,Samd4;Ciao1;Sult1a1;Sufu;Cnn2;Plec;Tef;Adcy4;Nr1d1;Nr1d2;Yipf2;Mcm6;Creld2;Atp2b4;Fmo2;Erh;Tppp3;Nr4a2,2.0,4,14.538016187667086,6.65835996930665,9.0
SPI1 (human),24,Mbd1;Snx17;Golm1;Rdh11;Prpf40b;Tef;Cmklr1;Timm9;Fkbp4;Tcerg1;Twist1;Mrpl38;Slc25a3;Ndufa4;Klk10;Cd40;Ccdc157;Slc50a1;Gabpb1;Adam9;Dtd1;Krt18;Tgfb2;Lmod1,2.0,2,7.673606919432691,6.737710309583117,5.0
IKZF1 (human),24,Mrpl38;Rilpl2;Slc29a1;Flna;Flnb;Rgl2;Klk10;Dolk;Vcl;Cnn2;Atp2b4;Rpl10;Nr2c2ap;Ehd2;Snapin;Rnf125;Tmem141;Rps7;Gpx7;Il3ra;Krt18;Ctnna1;Acyp2;Pdzd2,2.0,1,5.734760162681088,8.36317167238378,3.0
AHR (human),18,Hsph1;Slc29a1;Lrrc3b;Tspan4;Prpf40b;Creld2;Ppia;Dstn;Plec;St3gal5;Phldb2;Cdk5;Arfgap1;Dtymk;Hira;Aldh3a1;Trappc6a;Hlf,2.0,4,7.198703731690983,7.1955604902283685,9.0
